file,measurement,roi_area,mean_pix_value,min_pix_value,max_pix_value,roi_x,roi_y,frame,frame_true,display_num,pulse_num,background_area,background_mean,background_min,background_max,background_x,background_y
clip_01_4sec,1,12,49.167,39,59,34,30,1,76,1,1,12,17,17,17,71,6
clip_01_4sec,2,34,49.529,30,70,11,33.5,1,76,2,1,34,17,17,17,11,7.5
clip_01_4sec,3,32,60.312,31,88,36,28,2,77,1,1,32,18.312,18,19,47,28
clip_01_4sec,4,44,76.977,32,122,11.5,33,2,77,2,1,44,19.159,18,22,20.5,33
clip_01_4sec,5,34,88.912,36,132,38,25.5,3,78,1,1,34,22.353,18,26,48,25.5
clip_01_4sec,6,69,105.536,31,170,11.5,30.5,3,78,2,1,69,28.304,25,36,23.5,30.5
clip_01_4sec,7,37,113.351,29,170,37.5,22.5,4,79,1,1,37,28.135,23,36,48.5,22.5
clip_01_4sec,8,61,134.328,62,202,11.5,29.5,4,79,2,1,61,35.328,29,45,21.5,29.5
clip_01_4sec,9,32,140.25,102,183,38.5,22,5,80,1,1,32,37,29,41,47.5,22
clip_01_4sec,10,51,144.412,58,203,11.5,30.5,5,80,2,1,51,37.647,31,48,21.5,30.5
clip_01_4sec,11,48,124.5,62,183,39,22,6,81,1,1,48,37.833,30,46,48,22
clip_01_4sec,12,69,129.957,40,195,12.5,31.5,6,81,2,1,69,36.406,32,46,24.5,31.5
clip_01_4sec,13,36,136.028,87,188,40,23,7,82,1,1,36,35.278,30,43,50,23
clip_01_4sec,14,64,123.422,52,180,13,32,7,82,2,1,64,35.547,31,42,24,32
clip_01_4sec,15,42,133.357,76,191,41,22.5,8,83,1,1,42,34.952,31,42,51,22.5
clip_01_4sec,16,72,118.736,48,184,14,33.5,8,83,2,1,72,35.625,30,43,25,33.5
clip_01_4sec,17,48,125.917,66,195,42,23,9,84,1,1,48,38.083,31,47,50,23
clip_01_4sec,18,80,115.088,45,186,15,34,9,84,2,1,80,36.737,31,48,25,34
clip_01_4sec,19,36,138.972,78,188,43,23,10,85,1,1,36,34.278,29,42,52,23
clip_01_4sec,20,70,118.6,44,179,16.5,35,10,85,2,1,70,35.871,33,47,26.5,35
clip_01_4sec,21,42,126.976,72,187,44,23.5,11,86,1,1,42,28.143,24,33,54,23.5
clip_01_4sec,22,84,111.298,39,183,17.5,36,11,86,2,1,84,34.071,27,43,28.5,36
clip_01_4sec,23,54,109.148,52,182,45,23.5,12,87,1,1,54,29.741,25,36,54,23.5
clip_01_4sec,24,96,105.333,34,185,19,37,12,87,2,1,96,34.583,28,46,29,37
clip_01_4sec,25,58,103.517,48,177,46.5,24,13,88,1,1,58,28.707,23,35,55.5,24
clip_01_4sec,26,64,119.219,46,176,20,38,13,88,2,1,64,32.375,27,41,31,38
clip_01_4sec,27,42,116.643,67,173,47,24.5,14,89,1,1,42,31.31,25,40,55,24.5
clip_01_4sec,28,80,110.775,47,176,21,38,14,89,2,1,80,34.612,29,43,31,38
clip_01_4sec,29,48,104.25,54,169,48,25,15,90,1,1,48,28.229,23,35,57,25
clip_01_4sec,30,79,103.608,40,169,22.5,40.5,15,90,2,1,79,31.013,25,39,35.5,40.5
clip_01_4sec,31,48,103.729,57,170,49,25,16,91,1,1,48,27.875,23,34,58,25
clip_01_4sec,32,79,102.177,36,171,23.5,41.5,16,91,2,1,79,33.241,28,42,34.5,41.5
clip_01_4sec,33,58,93.638,40,164,49.5,25,17,92,1,1,58,28.879,25,39,58.5,25
clip_01_4sec,34,72,109.722,56,168,25,42.5,17,92,2,1,72,39.847,33,50,34,42.5
clip_01_4sec,35,60,87.367,37,161,50,25.5,18,93,1,1,60,29.1,25,40,59,25.5
clip_01_4sec,36,64,112.828,54,165,26,44,18,93,2,1,64,41.062,35,51,35,44
clip_01_4sec,37,36,101.222,54,158,51,26,19,94,1,1,36,29.139,25,35,59,26
clip_01_4sec,38,60,109.633,68,163,27,45.5,19,94,2,1,60,43.283,37,59,35,45.5
clip_01_4sec,39,58,85.862,40,153,51.5,26,20,95,1,1,58,29.569,25,37,59.5,26
clip_01_4sec,40,64,108.766,50,162,28,46,20,95,2,1,64,41.594,37,52,38,46
clip_01_4sec,41,32,102.031,53,157,52,26,21,96,1,1,32,31.094,26,37,59,26
clip_01_4sec,42,51,118.039,59,178,28.5,47.5,21,96,2,1,51,45.49,40,70,36.5,47.5
clip_01_4sec,43,31,97.903,49,153,52.5,26.5,22,97,1,1,31,29.581,24,37,59.5,26.5
clip_01_4sec,44,32,130.062,79,165,29,48.5,22,97,2,1,32,45.75,38,69,37,48.5
clip_01_4sec,45,32,94.844,50,156,53,27,23,98,1,1,32,31.406,24,45,59,27
clip_01_4sec,46,32,124.75,88,161,29,49.5,23,98,2,1,32,43.688,39,58,38,49.5
clip_01_4sec,47,21,107.905,75,141,53.5,26.5,24,99,1,1,21,31.048,25,41,59.5,26.5
clip_01_4sec,48,60,118.283,70,170,30,52.5,24,99,2,1,60,45.733,38,64,38,52.5
clip_01_4sec,49,34,89.618,52,135,54,26.5,25,100,1,1,34,27.441,22,34,61,26.5
clip_01_4sec,50,44,125.545,84,183,30,53.5,25,100,2,1,44,46.886,38,73,38,53.5
clip_01_4sec,51,26,96.385,63,129,54.5,27,26,101,1,1,26,28.731,23,39,60.5,27
clip_01_4sec,52,52,120.327,71,192,30,54,26,101,2,1,52,41.962,34,61,39,54
clip_01_4sec,53,34,84.353,38,123,55,27.5,27,102,1,1,34,28.676,24,44,61,27.5
clip_01_4sec,54,44,121.614,69,177,30.5,55,27,102,2,1,44,39.568,34,50,39.5,55
clip_01_4sec,55,32,86.156,51,123,55,27,28,103,1,1,32,27.125,22,36,62,27
clip_01_4sec,56,60,111.933,60,167,30.5,56,28,103,2,1,60,40.783,33,61,39.5,56
clip_01_4sec,57,32,84.5,43,124,55,27,29,104,1,1,32,25.344,23,30,63,27
clip_01_4sec,58,42,115.238,62,162,30.5,58,29,104,2,1,42,42.048,35,69,39.5,58
clip_01_4sec,59,32,82.938,41,125,55.5,27,30,105,1,1,32,24.438,21,30,62.5,27
clip_01_4sec,60,48,110.229,68,150,30,58,30,105,2,1,48,40.958,33,65,40,58
clip_01_4sec,61,24,90.542,59,123,56,27.5,31,106,1,1,24,25.667,21,31,62,27.5
clip_01_4sec,62,42,108.143,65,149,29.5,59,31,106,2,1,42,40.381,34,60,39.5,59
clip_01_4sec,63,26,84.346,56,120,56.5,28,32,107,1,1,26,23.538,19,27,62.5,28
clip_01_4sec,64,48,100.521,67,134,29,60,32,107,2,1,48,35.75,31,44,41,60
clip_01_4sec,65,34,67.235,33,102,56,27.5,33,108,1,1,34,22.147,20,24,64,27.5
clip_01_4sec,66,51,97.51,55,135,28.5,60.5,33,108,2,1,51,35.529,31,41,40.5,60.5
clip_01_4sec,67,34,65.353,36,100,57,27.5,34,109,1,1,34,21.118,19,25,64,27.5
clip_01_4sec,68,58,87.759,52,127,28,61.5,34,109,2,1,58,34.914,31,41,40,61.5
clip_01_4sec,69,26,69.231,44,100,57.5,28,35,110,1,1,26,21.192,18,25,64.5,28
clip_01_4sec,70,42,94.357,64,119,27,61.5,35,110,2,1,42,35.929,32,47,38,61.5
clip_01_4sec,71,26,68.731,43,101,57.5,28,36,111,1,1,26,21.923,19,29,63.5,28
clip_01_4sec,72,48,85.729,55,113,26,62,36,111,2,1,48,33.375,29,37,38,62
clip_01_4sec,73,26,67.192,42,97,57.5,28,37,112,1,1,26,20.385,19,22,64.5,28
clip_01_4sec,74,37,85.135,51,106,23.5,62.5,37,112,2,1,37,33.703,29,40,35.5,62.5
clip_01_4sec,75,31,58.774,29,91,57.5,28.5,38,113,1,1,31,20.935,19,24,64.5,28.5
clip_01_4sec,76,37,81.514,59,97,23.5,62.5,38,113,2,1,37,33.459,28,40,34.5,62.5
clip_01_4sec,77,26,57.423,35,84,58.5,29,39,114,1,1,26,20.154,19,24,65.5,29
clip_01_4sec,78,68,72.309,40,103,22,63,39,114,2,1,68,31.103,22,42,37,63
clip_01_4sec,79,26,55.154,31,80,58.5,29,40,115,1,1,26,19,17,25,65.5,29
clip_01_4sec,80,82,56.89,33,86,22,63.5,40,115,2,1,82,32.573,24,46,36,63.5
clip_01_4sec,81,26,54.154,34,79,59,28.5,41,116,1,1,26,18.962,17,26,66,28.5
clip_01_4sec,82,32,56.875,39,73,20,64.5,41,116,2,1,32,37.562,30,44,28,64.5
clip_01_4sec,83,32,46.312,29,69,60,29,42,117,1,1,32,18.562,18,25,66,29
clip_01_4sec,84,54,46.63,28,64,18.5,66,42,117,2,1,54,33.759,25,47,28.5,66
clip_01_4sec,85,34,43.559,23,70,60.5,29,43,118,1,1,34,18.794,18,26,66.5,29
clip_01_4sec,86,60,42.217,25,55,16.5,68,43,118,2,1,60,34.367,20,89,23.5,68
clip_01_4sec,87,34,41.235,22,69,60.5,29,44,119,1,1,34,18,18,18,67.5,29
clip_01_4sec,88,86,38.779,24,54,16,68.5,44,119,2,1,86,36.721,20,104,23,68.5
clip_01_4sec,89,26,42.308,24,67,61,29.5,45,120,1,1,26,16.962,15,19,67,29.5
clip_01_4sec,90,52,33.538,18,46,15,67,45,120,2,1,52,25.365,18,49,22,67
clip_01_4sec,91,26,38.038,20,62,61,29.5,46,121,1,1,26,17.385,16,23,66,29.5
clip_01_4sec,92,26,37.731,21,57,61,28.5,47,122,2,1,26,16.615,16,17,67,28.5
clip_01_4sec,93,21,36.381,21,55,61.5,28.5,48,123,1,1,21,16.619,16,17,66.5,28.5
clip_01_4sec,94,26,34.462,22,53,61,28.5,49,124,2,1,26,16.923,16,19,67,28.5
clip_01_4sec,95,16,39.062,27,54,60.5,28,50,125,1,1,16,16.875,16,19,66.5,28
clip_01_4sec,96,26,30.769,17,53,62,28.5,51,126,2,1,26,16.269,16,17,68,28.5
clip_01_4sec,97,20,34.15,20,54,61,28,52,127,1,1,20,16.3,16,17,67,28
clip_01_4sec,98,16,32.25,20,45,60.5,28,53,128,2,1,16,16.125,16,17,67.5,28
clip_01_4sec,99,12,31.833,22,41,61,27,54,129,1,1,12,17.333,16,20,66,27
clip_01_4sec,1,16,60.938,45,79,41.5,50,14,89,1,2,21,22.19,22,24,48.5,50.5
clip_01_4sec,2,21,102.762,71,145,44.5,47.5,15,90,1,2,21,33.476,24,55,49.5,47.5
clip_01_4sec,3,37,102.946,49,154,45.5,46.5,16,91,1,2,37,29.081,23,38,54.5,46.5
clip_01_4sec,4,44,103.114,50,166,47,46.5,17,92,1,2,44,31.136,24,40,56,46.5
clip_01_4sec,5,58,59.586,33,100,19,70.5,17,92,2,2,58,27.655,25,32,29,70.5
clip_01_4sec,6,34,108.647,60,160,47.5,46,18,93,1,2,34,34.176,26,45,55.5,46
clip_01_4sec,7,51,91.882,34,146,22.5,70.5,18,93,2,2,51,35.863,28,49,31.5,70.5
clip_01_4sec,8,44,102.477,55,150,48,45.5,19,94,1,2,44,35.659,28,54,56,45.5
clip_01_4sec,9,44,108.023,63,161,24,70.5,19,94,2,2,44,37.909,30,63,32,70.5
clip_01_4sec,10,34,108.324,62,149,48.5,46,20,95,1,2,34,45.618,32,92,54.5,46
clip_01_4sec,11,60,99.483,52,161,25.5,70,20,95,2,2,60,43.733,31,90,32.5,70
clip_01_4sec,12,44,99.841,50,151,49,45.5,21,96,1,2,44,35.591,29,59,57,45.5
clip_01_4sec,13,52,102.269,48,153,26,71,21,96,2,2,52,40.827,32,71,34,71
clip_01_4sec,14,44,94.636,44,151,49,45.5,22,97,1,2,44,35.432,30,59,57,45.5
clip_01_4sec,15,52,101.288,44,153,27,71,22,97,2,2,52,39.25,32,64,35,71
clip_01_4sec,16,34,100.794,43,150,49,45.5,23,98,1,2,34,34.529,30,47,57,45.5
clip_01_4sec,17,44,106.932,63,150,28,70.5,23,98,2,2,44,42.545,33,80,35,70.5
clip_01_4sec,18,32,100.188,53,148,50,45,24,99,1,2,32,34.844,29,55,57,45
clip_01_4sec,19,36,111.333,69,152,29,71,24,99,2,2,36,47.722,33,102,35,71
clip_01_4sec,20,34,95.176,45,144,50.5,45,25,100,1,2,34,41.765,30,85,56.5,45
clip_01_4sec,21,60,93.017,48,148,29.5,71,25,100,2,2,60,39.9,32,75,37.5,71
clip_01_4sec,22,37,85.054,46,132,50.5,44.5,26,101,1,2,37,31.405,27,44,58.5,44.5
clip_01_4sec,23,52,93.885,46,142,30,72,26,101,2,2,52,41.519,32,76,37,72
clip_01_4sec,24,37,85.405,48,132,51.5,44.5,27,102,1,2,37,31.622,27,49,58.5,44.5
clip_01_4sec,25,37,102.622,73,137,30.5,71.5,27,102,2,2,37,40.135,32,67,37.5,71.5
clip_01_4sec,26,34,84.294,43,129,51.5,44,28,103,1,2,34,36.353,27,77,57.5,44
clip_01_4sec,27,60,86.217,52,131,32,72.5,28,103,2,2,60,45.017,35,79,38,72.5
clip_01_4sec,28,44,76.841,37,129,51.5,44,29,104,1,2,44,32.045,24,60,58.5,44
clip_01_4sec,29,44,89.977,55,125,32.5,73,29,104,2,2,44,44.932,36,69,38.5,73
clip_01_4sec,30,37,78.514,42,120,52.5,44.5,30,105,1,2,37,32.541,26,58,58.5,44.5
clip_01_4sec,31,52,90.154,55,128,32,73,30,105,2,2,52,44.769,35,71,39,73
clip_01_4sec,32,34,80.059,41,120,53,44.5,31,106,1,2,34,29.706,25,46,59,44.5
clip_01_4sec,33,44,85.295,58,122,33,73.5,31,106,2,2,44,41.818,34,62,40,73.5
clip_01_4sec,34,34,74.147,37,117,53,43.5,32,107,1,2,34,28.088,24,42,59,43.5
clip_01_4sec,35,44,84.659,54,118,33,74.5,32,107,2,2,44,42.591,35,65,40,74.5
clip_01_4sec,36,26,78.308,38,114,52.5,44,33,108,1,2,26,25.692,22,33,59.5,44
clip_01_4sec,37,37,86,59,118,32.5,73.5,33,108,2,2,37,37.973,32,50,40.5,73.5
clip_01_4sec,38,32,65.875,38,99,53,43,34,109,1,2,32,23.906,20,32,60,43
clip_01_4sec,39,58,73.483,45,115,34,74.5,34,109,2,2,58,37.983,32,57,42,74.5
clip_01_4sec,40,34,63.971,34,98,54,43.5,35,110,1,2,34,23.029,20,30,61,43.5
clip_01_4sec,41,36,84.306,62,113,33,75,35,110,2,2,36,37.5,32,55,41,75
clip_01_4sec,42,32,63.844,35,100,54,43,36,111,1,2,32,21.969,20,25,62,43
clip_01_4sec,43,51,72.216,47,107,33.5,75.5,36,111,2,2,51,34.784,30,47,42.5,75.5
clip_01_4sec,44,21,65.333,41,95,53.5,42.5,37,112,1,2,21,24.286,21,30,60.5,42.5
clip_01_4sec,45,36,75.194,50,101,33,76,37,112,2,2,36,34.889,30,50,41,76
clip_01_4sec,46,34,55.794,31,89,54.5,42,38,113,1,2,34,21.176,18,27,62.5,42
clip_01_4sec,47,36,70.806,45,96,33,77,38,113,2,2,36,30.222,26,40,42,77
clip_01_4sec,48,26,60.462,38,87,54.5,42,39,114,1,2,26,22.308,19,28,61.5,42
clip_01_4sec,49,42,66.262,45,96,33.5,77,39,114,2,2,42,31.452,24,49,41.5,77
clip_01_4sec,50,21,61.762,42,87,54.5,41.5,40,115,1,2,21,23.952,21,33,60.5,41.5
clip_01_4sec,51,42,60.119,32,88,34,77.5,40,115,2,2,42,32.881,23,64,43,77.5
clip_01_4sec,52,21,59.333,43,84,55.5,40.5,41,116,1,2,21,23.524,21,31,61.5,40.5
clip_01_4sec,53,42,58.429,36,81,33.5,78,41,116,2,2,42,31.095,25,48,41.5,78
clip_01_4sec,54,21,58.238,33,83,55.5,41.5,42,117,1,2,21,20.81,17,26,62.5,41.5
clip_01_4sec,55,36,57.778,38,77,33,78,42,117,2,2,36,30.611,26,46,41,78
clip_01_4sec,56,21,54.476,32,78,55.5,40.5,43,118,1,2,21,21.667,19,26,62.5,40.5
clip_01_4sec,57,32,50.5,36,72,32,78.5,43,118,2,2,32,29.344,24,39,40,78.5
clip_01_4sec,58,21,52.762,34,73,56.5,40.5,44,119,1,2,21,22,17,29,62.5,40.5
clip_01_4sec,59,31,50.968,35,72,31.5,78.5,44,119,2,2,31,29.839,23,40,39.5,78.5
clip_01_4sec,60,21,50.905,33,74,56.5,39.5,45,120,1,2,21,20.286,17,25,63.5,39.5
clip_01_4sec,61,36,45.778,31,63,32,79,45,120,2,2,36,26.472,21,33,42,79
clip_01_4sec,62,32,44.219,29,74,57,39,46,121,1,2,32,18.375,18,23,65,39
clip_01_4sec,63,44,39.364,27,56,31,78.5,46,121,2,2,44,23.523,21,29,40,78.5
clip_01_4sec,64,26,46.346,28,74,57,39.5,47,122,1,2,26,17.808,17,20,65,39.5
clip_01_4sec,65,44,37.75,25,55,31,78.5,47,122,2,2,44,23.318,21,26,40,78.5
clip_01_4sec,66,21,48,38,69,57.5,38.5,48,123,1,2,21,18.048,17,22,64.5,38.5
clip_01_4sec,67,32,35.938,25,46,31,78.5,48,123,2,2,32,22.562,20,25,40,78.5
clip_01_4sec,68,26,43.654,27,70,58,39.5,49,124,1,2,26,17.577,16,22,64,39.5
clip_01_4sec,69,21,46.286,31,66,57.5,38.5,50,125,1,2,21,17.286,16,20,63.5,38.5
clip_01_4sec,70,26,42.923,26,66,58,38.5,51,126,1,2,26,16.885,16,19,65,38.5
clip_01_4sec,71,21,43.571,27,62,57.5,38.5,52,127,1,2,21,17,16,20,64.5,38.5
clip_01_4sec,72,21,40.81,31,59,57.5,37.5,53,128,1,2,21,16.762,16,19,64.5,37.5
clip_01_4sec,73,21,37.19,23,52,57.5,37.5,54,129,1,2,21,16.714,16,19,64.5,37.5
clip_01_4sec,74,16,39.375,29,52,58.5,36,55,130,1,2,16,15.5,15,19,65.5,36
clip_01_4sec,75,12,39.833,28,50,59,36,56,131,1,2,12,16,15,19,65,36
clip_01_4sec,76,12,40.75,30,51,58,36,57,132,1,2,12,17.75,15,21,64,36
clip_01_4sec,77,12,32.833,22,41,59,36,58,133,1,2,12,16.917,16,19,64,36
clip_01_4sec,78,12,33.5,23,44,59,35,59,134,1,2,12,16.417,16,17,64,35
clip_01_4sec,79,21,28,22,38,58.5,35.5,60,135,1,2,21,16,14,17,64.5,35.5
clip_01_4sec,80,12,29.833,25,36,58,35,61,136,1,2,12,15.833,15,16,64,35
clip_01_4sec,81,12,25.75,18,33,57,36,62,137,1,2,12,16.25,15,18,62,36
clip_01_4sec,82,12,26.833,23,30,57,34,63,138,1,2,12,16,15,17,63,34
clip_01_4sec,1,21,44.238,32,58,46.5,65.5,20,95,1,3,21,28.143,25,31,52.5,65.5
clip_01_4sec,2,34,78.059,37,126,48.5,65,21,96,1,3,34,27.647,23,38,56.5,65
clip_01_4sec,3,34,92.471,47,145,49.5,66,22,97,1,3,34,34.618,27,56,56.5,66
clip_01_4sec,4,32,99.062,60,153,50,66,23,98,1,3,32,39.188,29,70,56,66
clip_01_4sec,5,34,96.882,52,154,50.5,66,24,99,1,3,34,35.059,27,58,57.5,66
clip_01_4sec,6,34,98.853,57,145,51.5,67,25,100,1,3,34,37.5,26,71,57.5,67
clip_01_4sec,7,34,77.353,33,114,27.5,93,25,100,2,3,34,29.353,22,51,34.5,93
clip_01_4sec,8,34,98.5,57,143,51.5,67,26,101,1,3,34,38,26,73,57.5,67
clip_01_4sec,9,44,90.955,30,142,28,93.5,26,101,2,3,44,28.727,23,41,36,93.5
clip_01_4sec,10,34,94.971,55,141,51.5,67,27,102,1,3,34,37.588,26,73,57.5,67
clip_01_4sec,11,36,100.889,54,141,29,93,27,102,2,3,36,31.472,26,63,36,93
clip_01_4sec,12,34,92.265,49,137,51.5,68,28,103,1,3,34,38.029,25,72,57.5,68
clip_01_4sec,13,36,105.917,56,144,29,94,28,103,2,3,36,32.611,28,50,37,94
clip_01_4sec,14,26,92.308,64,132,51,67.5,29,104,1,3,26,32.5,26,44,58,67.5
clip_01_4sec,15,36,101.306,45,142,29,94,29,104,2,3,36,36.5,29,77,36,94
clip_01_4sec,16,32,86.531,49,131,51,68,30,105,1,3,32,37.469,29,59,57,68
clip_01_4sec,17,37,101.784,54,143,29.5,94.5,30,105,2,3,37,34.081,29,56,36.5,94.5
clip_01_4sec,18,31,85.29,48,132,51.5,67.5,31,106,1,3,31,35.097,26,57,57.5,67.5
clip_01_4sec,19,51,86.647,37,134,29.5,94.5,31,106,2,3,51,32.824,28,56,37.5,94.5
clip_01_4sec,20,31,79.323,41,122,50.5,67.5,32,107,1,3,31,32.677,24,50,57.5,67.5
clip_01_4sec,21,34,97.147,61,134,29.5,95,32,107,2,3,34,35.588,30,60,36.5,95
clip_01_4sec,22,31,79.097,50,123,50.5,67.5,33,108,1,3,31,32.419,24,50,57.5,67.5
clip_01_4sec,23,37,89.595,49,128,29.5,95.5,33,108,2,3,37,32.378,26,54,36.5,95.5
clip_01_4sec,24,31,74.516,43,118,50.5,67.5,34,109,1,3,31,30.645,25,48,57.5,67.5
clip_01_4sec,25,34,88.088,46,120,29.5,95,34,109,2,3,34,31.206,25,50,36.5,95
clip_01_4sec,26,31,74.484,43,118,50.5,67.5,35,110,1,3,31,30.194,25,47,57.5,67.5
clip_01_4sec,27,42,79.143,41,122,29.5,96,35,110,2,3,42,32.714,25,70,36.5,96
clip_01_4sec,28,21,84,56,117,50.5,67.5,36,111,1,3,21,29.571,25,42,56.5,67.5
clip_01_4sec,29,32,81.094,42,113,29,97,36,111,2,3,32,34.594,26,57,35,97
clip_01_4sec,30,26,76.577,47,118,50,67.5,37,112,1,3,26,30.423,26,46,56,67.5
clip_01_4sec,31,32,79.375,46,113,29,96.5,37,112,2,3,32,31.75,26,54,36,96.5
clip_01_4sec,32,31,67.387,37,109,50.5,67.5,38,113,1,3,31,27,24,39,57.5,67.5
clip_01_4sec,33,26,86.654,68,113,29,96.5,38,113,2,3,26,32.231,25,53,35,96.5
clip_01_4sec,34,31,67.097,39,105,50.5,66.5,39,114,1,3,31,26.258,22,39,57.5,66.5
clip_01_4sec,35,26,81.462,56,107,29,96.5,39,114,2,3,26,32.231,26,54,35,96.5
clip_01_4sec,36,31,68.484,37,107,50.5,66.5,40,115,1,3,31,29.484,23,50,56.5,66.5
clip_01_4sec,37,16,78.062,55,103,29.5,96,40,115,2,3,16,29.562,26,34,35.5,96
clip_01_4sec,38,21,74.048,51,102,50.5,66.5,41,116,1,3,21,27.429,23,42,56.5,66.5
clip_01_4sec,39,32,79,60,95,29,98,41,116,2,3,32,41.531,30,61,36,98
clip_01_4sec,40,26,67.115,40,102,51,66.5,42,117,1,3,26,21.577,18,28,58,66.5
clip_01_4sec,41,32,66.344,43,85,28,97,42,117,2,3,32,50.156,39,65,34,97
clip_01_4sec,42,34,58.382,29,97,51.5,66,43,118,1,3,34,20.912,16,27,59.5,66
clip_01_4sec,43,26,50.192,37,64,28,97.5,43,118,2,3,26,36.769,33,41,34,97.5
clip_01_4sec,44,26,62,42,93,52,65.5,44,119,1,3,26,21.692,19,26,59,65.5
clip_01_4sec,45,26,43.769,28,63,27,98.5,44,119,2,3,26,23.5,20,29,33,98.5
clip_01_4sec,46,21,62.429,37,92,51.5,65.5,45,120,1,3,21,24.381,20,38,57.5,65.5
clip_01_4sec,47,26,33.192,21,46,27,98.5,45,120,2,3,26,22.962,20,26,34,98.5
clip_01_4sec,48,26,57.423,40,91,52,64.5,46,121,1,3,26,20.038,18,22,59,64.5
clip_01_4sec,49,21,32.238,24,39,28.5,98.5,46,121,1,3,21,21.571,20,24,33.5,98.5
clip_01_4sec,50,21,58.381,37,91,51.5,64.5,47,122,1,3,21,26.762,19,46,56.5,64.5
clip_01_4sec,51,12,34.583,30,39,27,99,47,122,1,3,12,22.333,20,26,31,99
clip_01_4sec,52,21,57.143,35,89,52.5,64.5,48,123,1,3,21,21.952,19,35,57.5,64.5
clip_01_4sec,53,21,52.905,35,76,52.5,63.5,49,124,1,3,21,20.857,18,29,57.5,63.5
clip_01_4sec,54,16,54.438,34,74,52.5,64,50,125,1,3,16,19.25,18,21,58.5,64
clip_01_4sec,55,16,50.938,30,72,52.5,64,51,126,1,3,16,19,17,21,58.5,64
clip_01_4sec,56,21,45.333,27,65,52.5,63.5,52,127,1,3,21,19.238,17,23,58.5,63.5
clip_01_4sec,57,21,44.667,34,63,52.5,62.5,53,128,1,3,21,19.19,17,23,58.5,62.5
clip_01_4sec,58,21,42.286,30,64,52.5,62.5,54,129,1,3,21,19.524,17,25,57.5,62.5
clip_01_4sec,59,21,35.571,22,56,53.5,63.5,55,130,1,3,21,18.095,16,23,58.5,63.5
clip_01_4sec,60,12,38.917,28,52,53,63,56,131,1,3,12,18.917,17,23,58,63
clip_01_4sec,61,21,31.524,21,47,53.5,63.5,57,132,1,3,21,17.381,16,22,59.5,63.5
clip_01_4sec,62,12,26.25,20,34,53,62,59,134,1,3,12,26.25,20,34,53,62
clip_01_4sec,1,26,58,36,86,50,81.5,28,103,1,4,26,26.538,23,32,59,81.5
clip_01_4sec,2,32,85,60,120,49,81,29,104,1,4,32,30.188,26,39,57,81
clip_01_4sec,3,32,88.062,64,123,49,81,30,105,1,4,32,32.344,26,50,56,81
clip_01_4sec,4,34,86.853,58,127,49.5,81,31,106,1,4,34,29.441,24,39,57.5,81
clip_01_4sec,5,34,89.118,63,131,49,80.5,32,107,1,4,34,30.265,25,37,57,80.5
clip_01_4sec,6,32,90.094,64,133,49,80,33,108,1,4,32,32.406,25,46,56,80
clip_01_4sec,7,34,84.441,47,128,49.5,80,34,109,1,4,34,30.618,24,47,56.5,80
clip_01_4sec,8,32,85.594,57,127,49,80,35,110,1,4,32,28.906,25,36,57,80
clip_01_4sec,9,34,82.853,45,128,49.5,80,36,111,1,4,34,27.206,23,35,57.5,80
clip_01_4sec,10,26,88.154,57,129,49,79.5,37,112,1,4,26,28.462,24,35,57,79.5
clip_01_4sec,11,21,85.571,65,116,49.5,79.5,38,113,1,4,21,28.476,23,34,56.5,79.5
clip_01_4sec,12,31,75.355,49,115,49.5,79.5,39,114,1,4,31,28.097,22,42,56.5,79.5
clip_01_4sec,13,31,74.323,49,111,49.5,79.5,40,115,1,4,31,25.032,20,32,57.5,79.5
clip_01_4sec,14,26,77.692,55,110,50,79.5,41,116,1,4,26,25.5,21,32,57,79.5
clip_01_4sec,15,21,80.048,53,110,49.5,79.5,42,117,1,4,21,28.762,22,44,55.5,79.5
clip_01_4sec,16,21,77.286,56,108,50.5,79.5,43,118,1,4,21,27.048,22,33,56.5,79.5
clip_01_4sec,17,32,67.156,43,108,50,79,44,119,1,4,32,26,21,33,57,79
clip_01_4sec,18,32,62.969,39,107,50,79,45,120,1,4,32,25.281,21,30,57,79
clip_01_4sec,19,21,66.857,42,99,49.5,78.5,46,121,1,4,21,24.19,22,29,56.5,78.5
clip_01_4sec,20,21,66.19,43,98,49.5,78.5,47,122,1,4,21,24.524,22,31,55.5,78.5
clip_01_4sec,21,21,64.524,44,94,49.5,78.5,48,123,1,4,21,21.81,20,27,56.5,78.5
clip_01_4sec,22,21,63.619,45,92,48.5,78.5,49,124,1,4,21,21.952,19,25,55.5,78.5
clip_01_4sec,23,21,62,42,91,48.5,78.5,50,125,1,4,21,20.952,18,24,55.5,78.5
clip_01_4sec,24,26,55.115,30,87,48,78.5,51,126,1,4,26,20.615,18,25,55,78.5
clip_01_4sec,25,21,58.381,40,86,47.5,78.5,52,127,1,4,21,20.619,17,28,53.5,78.5
clip_01_4sec,26,21,58.286,41,88,47.5,78.5,53,128,1,4,21,17.952,15,21,54.5,78.5
clip_01_4sec,27,21,58.238,43,85,47.5,78.5,54,129,1,4,21,18.143,16,22,54.5,78.5
clip_01_4sec,28,21,56,41,86,47.5,78.5,55,130,1,4,21,21.143,16,30,52.5,78.5
clip_01_4sec,29,26,50.231,27,83,46.5,79,56,131,1,4,26,21.538,16,31,52.5,79
clip_01_4sec,30,21,56.333,39,83,46.5,78.5,57,132,1,4,21,19.286,16,25,53.5,78.5
clip_01_4sec,31,32,46.719,29,72,47,79,58,133,1,4,32,17.562,16,22,54,79
clip_01_4sec,32,26,48.615,30,72,46.5,79,59,134,1,4,26,18.923,16,24,52.5,79
clip_01_4sec,33,32,43.062,22,71,46,79,60,135,1,4,32,18.469,16,24,53,79
clip_01_4sec,34,26,43.808,24,69,46,78.5,61,136,1,4,26,20.115,16,32,52,78.5
clip_01_4sec,35,26,39.654,20,68,45,78.5,62,137,1,4,26,17.923,16,24,53,78.5
clip_01_4sec,36,31,36.355,22,59,45.5,78.5,63,138,1,4,31,17.613,16,24,52.5,78.5
clip_01_4sec,37,26,32.615,24,50,45,78.5,64,139,1,4,26,16.731,16,18,52,78.5
clip_01_4sec,38,26,28.885,21,47,45,78.5,65,140,1,4,26,16,16,16,52,78.5
clip_01_4sec,39,17,27.059,18,39,44.5,78.5,66,141,1,4,17,16,16,16,52.5,78.5
clip_01_4sec,1,26,72.423,40,104,46,94.5,35,110,1,5,26,25.885,22,32,54,94.5
clip_01_4sec,2,21,89.381,59,123,45.5,94.5,36,111,1,5,21,28.429,23,34,52.5,94.5
clip_01_4sec,3,21,93.714,66,130,45.5,94.5,37,112,1,5,21,30.524,24,43,51.5,94.5
clip_01_4sec,4,26,90.038,56,136,45,94.5,38,113,1,5,26,29.077,24,39,52,94.5
clip_01_4sec,5,26,87.808,59,133,45,94.5,39,114,1,5,26,27.962,24,34,52,94.5
clip_01_4sec,6,26,88.923,50,134,44,94.5,40,115,1,5,26,29.385,24,42,51,94.5
clip_01_4sec,7,20,97,61,135,44,94,41,116,1,5,20,27.4,24,32,52,94
clip_01_4sec,8,21,96.143,69,132,43.5,94.5,42,117,1,5,21,29.381,26,39,50.5,94.5
clip_01_4sec,9,21,92.905,68,131,43.5,94.5,43,118,1,5,21,33.667,28,48,49.5,94.5
clip_01_4sec,10,21,83.524,52,122,42.5,94.5,44,119,1,5,21,31.714,27,43,49.5,94.5
clip_01_4sec,11,21,81.571,50,120,42.5,94.5,45,120,1,5,21,30.905,27,42,49.5,94.5
clip_01_4sec,12,21,76.81,53,100,42.5,94.5,46,121,1,5,21,25.667,24,35,49.5,94.5
clip_01_4sec,13,21,77.238,53,101,41.5,94.5,47,122,1,5,21,25.143,22,34,48.5,94.5
clip_01_4sec,14,21,73.143,50,97,41.5,94.5,48,123,1,5,21,21.762,19,27,48.5,94.5
clip_01_4sec,15,21,70.333,52,93,40.5,94.5,49,124,1,5,21,21.667,18,28,47.5,94.5
clip_01_4sec,16,21,63.381,43,89,39.5,94.5,50,125,1,5,21,20.333,18,26,46.5,94.5
clip_01_4sec,17,21,56.667,32,78,38.5,94.5,51,126,1,5,21,20.857,17,30,45.5,94.5
clip_01_4sec,18,21,59.571,40,77,39.5,94.5,52,127,1,5,21,20.619,16,29,45.5,94.5
clip_01_4sec,19,21,52.381,30,71,38.5,94.5,53,128,1,5,21,22.429,16,36,44.5,94.5
clip_01_4sec,20,21,50.762,36,66,38.5,93.5,54,129,1,5,21,18.857,15,29,44.5,93.5
clip_01_4sec,21,21,46.476,36,59,38.5,93.5,55,130,1,5,21,18.286,16,23,44.5,93.5
clip_01_4sec,22,21,41.619,30,53,37.5,93.5,56,131,1,5,21,18.762,16,27,43.5,93.5
clip_01_4sec,23,21,40.476,31,52,37.5,93.5,57,132,1,5,21,19.429,17,25,43.5,93.5
clip_01_4sec,24,12,38.833,32,47,38,93,58,133,1,5,12,17.333,17,19,44,93
clip_01_4sec,25,12,36.167,28,45,37,93,59,134,1,5,12,19.75,17,22,42,93
clip_01_4sec,26,12,32.333,25,39,37,92,60,135,1,5,12,17.583,15,19,42,92
clip_01_4sec,1,21,30.095,21,39,40.5,102.5,47,122,1,6,21,21.667,20,24,49.5,102.5
clip_01_4sec,2,21,45.762,32,65,41.5,103.5,48,123,1,6,21,18.857,16,25,48.5,103.5
clip_01_4sec,3,21,51.905,33,71,40.5,103.5,49,124,1,6,21,17.762,16,19,48.5,103.5
clip_01_4sec,4,21,50.905,29,69,39.5,103.5,50,125,1,6,21,18.143,16,22,47.5,103.5
clip_01_4sec,5,21,50.952,29,70,39.5,103.5,51,126,1,6,21,17.19,15,20,47.5,103.5
clip_01_4sec,6,21,52.143,39,69,39.5,102.5,52,127,1,6,21,17.476,15,22,47.5,102.5
clip_01_4sec,7,21,50.857,41,66,39.5,102.5,53,128,1,6,21,18.238,16,21,46.5,102.5
clip_01_4sec,8,21,48.429,35,65,38.5,102.5,54,129,1,6,21,17.619,17,20,46.5,102.5
clip_01_4sec,9,21,46.476,31,61,38.5,102.5,55,130,1,6,21,19.571,17,25,44.5,102.5
clip_01_4sec,10,21,42.81,26,60,37.5,102.5,56,131,1,6,21,18.524,17,23,44.5,102.5
clip_01_4sec,11,21,40.333,26,53,37.5,101.5,57,132,1,6,21,17.524,16,20,44.5,101.5
clip_01_4sec,12,21,34.286,24,42,38.5,102.5,58,133,1,6,21,17.952,16,21,44.5,102.5
clip_01_4sec,13,21,30.667,22,38,37.5,102.5,59,134,1,6,21,17.905,16,21,44.5,102.5
clip_01_4sec,14,21,25.19,18,33,36.5,101.5,60,135,1,6,21,18.762,16,23,42.5,101.5
clip_01_4sec,15,12,25.667,23,29,37,102,61,136,1,6,12,17.167,16,19,43,102
clip_03_9sec,1,9,38.889,32,55,4.5,32.5,1,239,3,1,9,19.556,18,24,8.5,32.5
clip_03_9sec,2,12,40.5,24,65,5,31,2,240,3,1,12,19.417,19,22,10,31
clip_03_9sec,3,12,45.25,22,81,6,30,3,241,3,1,12,19.417,19,21,10,30
clip_03_9sec,4,12,57.583,33,91,6,30,4,242,3,1,12,23.5,23,24,10,30
clip_03_9sec,5,12,59.833,30,104,6,30,5,243,3,1,12,24.083,23,26,11,30
clip_03_9sec,6,12,59.667,30,108,6,30,6,244,3,1,12,25.583,24,31,10,30
clip_03_9sec,7,12,58.75,27,107,6,30,7,245,3,1,12,26.583,25,32,10,30
clip_03_9sec,8,12,57.417,29,103,6,30,8,246,3,1,12,24.417,23,27,11,30
clip_03_9sec,9,12,57.75,31,106,6,30,9,247,3,1,12,24.417,23,27,11,30
clip_03_9sec,10,12,58.333,32,94,7,30,10,248,3,1,12,23.083,22,24,12,30
clip_03_9sec,11,12,55.167,27,101,7,30,11,249,3,1,12,23.083,22,24,12,30
clip_03_9sec,12,12,50.667,26,89,8,30,12,250,3,1,12,22.25,21,23,13,30
clip_03_9sec,13,12,51.167,26,90,8,30,13,251,3,1,12,22.833,21,24,13,30
clip_03_9sec,14,12,50.833,28,89,9,31,14,252,3,1,12,22.167,19,26,13,31
clip_03_9sec,15,12,49.667,27,95,9,31,15,253,3,1,12,22.417,19,24,14,31
clip_03_9sec,16,12,50,32,80,10,31,16,254,3,1,12,21.833,20,23,15,31
clip_03_9sec,17,12,48.333,24,94,10,31,17,255,3,1,12,21.833,19,24,15,31
clip_03_9sec,18,12,48.75,31,76,11,31,18,256,3,1,12,22.083,21,25,15,31
clip_03_9sec,19,12,43.667,23,85,11,31,19,257,3,1,12,22.083,21,24,16,31
clip_03_9sec,20,12,44.667,28,71,12,31,20,258,3,1,12,20.917,19,23,16,31
clip_03_9sec,21,12,43.917,23,72,12,31,21,259,3,1,12,20.583,20,23,17,31
clip_03_9sec,22,12,44,23,72,12,31,22,260,3,1,12,20.417,19,24,17,31
clip_03_9sec,23,12,44.167,28,64,13,32,23,261,3,1,12,19.5,19,20,18,32
clip_03_9sec,24,12,42.167,23,60,13,32,24,262,3,1,12,19.25,19,20,19,32
clip_03_9sec,25,12,44,29,61,14,32,25,263,3,1,12,19.083,18,21,18,32
clip_03_9sec,26,12,42,32,55,14,32,26,264,3,1,12,18.75,18,19,19,32
clip_03_9sec,27,12,39.417,28,57,14,33,27,265,3,1,12,18.917,18,19,18,33
clip_03_9sec,28,12,40.75,27,64,14,33,28,266,3,1,12,19.333,17,20,19,33
clip_03_9sec,29,12,38.917,27,64,15,33,29,267,3,1,12,20.25,17,21,20,33
clip_03_9sec,30,12,38.167,26,62,15,33,30,268,3,1,12,19.917,16,21,20,33
clip_03_9sec,31,12,35.417,22,58,15,32,31,269,3,1,12,19.917,16,22,19,32
clip_03_9sec,32,12,34.75,23,51,16,32,32,270,3,1,12,18.667,16,23,20,32
clip_03_9sec,33,9,33.222,25,47,16.5,31.5,33,271,3,1,9,18.444,17,20,20.5,31.5
clip_03_9sec,34,9,32.778,21,45,16.5,32.5,34,272,3,1,9,18.667,17,22,20.5,32.5
clip_03_9sec,35,9,33.333,21,46,17.5,32.5,35,273,3,1,9,21,18,25,20.5,32.5
clip_03_9sec,36,9,33.333,20,47,17.5,33.5,36,274,3,1,9,19.556,16,22,21.5,33.5
clip_03_9sec,37,9,33.556,24,43,18.5,32.5,37,275,3,1,9,20.444,17,22,21.5,32.5
clip_03_9sec,38,9,34.556,24,43,18.5,32.5,38,276,3,1,9,20.889,17,28,21.5,32.5
clip_03_9sec,39,9,30.222,23,39,19.5,32.5,39,277,3,1,9,18.556,17,23,22.5,32.5
clip_03_9sec,40,9,32.556,24,42,19.5,33.5,40,278,3,1,9,18,17,19,22.5,33.5
clip_03_9sec,41,9,27.778,18,37,20.5,33.5,41,279,3,1,9,17.889,17,18,24.5,33.5
clip_03_9sec,42,9,28.444,24,34,20.5,33.5,42,280,3,1,9,18.222,17,19,24.5,33.5
clip_03_9sec,43,9,28.667,23,35,21.5,33.5,43,281,3,1,9,18.222,17,19,25.5,33.5
clip_03_9sec,44,9,29.667,22,37,20.5,33.5,44,282,3,1,9,18.444,17,19,24.5,33.5
clip_03_9sec,45,9,29.667,22,37,20.5,33.5,45,283,3,1,9,18.444,17,19,24.5,33.5
clip_03_9sec,46,9,26.889,18,36,22.5,33.5,46,284,3,1,9,18.222,17,19,26.5,33.5
clip_03_9sec,47,9,25.778,20,33,22.5,32.5,47,285,3,1,9,18.333,18,19,26.5,32.5
clip_03_9sec,48,9,25,18,32,21.5,34.5,48,286,3,1,9,18.111,17,20,25.5,34.5
clip_03_9sec,49,9,26.222,23,31,22.5,33.5,49,287,3,1,9,18.444,18,19,26.5,33.5
clip_03_9sec,50,9,23.778,17,30,22.5,32.5,50,288,3,1,9,18.778,17,20,26.5,32.5
clip_03_9sec,1,12,42.417,25,88,6,43,14,252,3,2,12,19.333,19,20,11,43
clip_03_9sec,2,12,42.333,22,90,6,43,15,253,3,2,12,21.75,21,24,10,43
clip_03_9sec,3,12,44.75,24,87,7,43,16,254,3,2,12,22.083,20,24,11,43
clip_03_9sec,4,12,43.333,20,89,7,43,17,255,3,2,12,21.917,20,23,11,43
clip_03_9sec,5,12,44.417,30,80,8,43,18,256,3,2,12,21.917,20,23,12,43
clip_03_9sec,6,12,43.917,26,77,8,43,19,257,3,2,12,22.25,19,27,12,43
clip_03_9sec,7,12,44.333,26,76,9,43,20,258,3,2,12,22.083,20,24,13,43
clip_03_9sec,8,12,44.083,25,76,9,43,21,259,3,2,12,22.083,20,24,13,43
clip_03_9sec,9,12,40.083,25,68,10,43,22,260,3,2,12,21.583,20,28,14,43
clip_03_9sec,10,12,39.333,24,65,10,43,23,261,3,2,12,22.167,18,27,14,43
clip_03_9sec,11,12,38.75,23,66,10,43,24,262,3,2,12,23.583,20,27,14,43
clip_03_9sec,12,12,36.25,22,61,11,43,25,263,3,2,12,21.5,19,23,15,43
clip_03_9sec,13,12,34.25,28,45,11,44,26,264,3,2,12,19.833,18,22,15,44
clip_03_9sec,14,12,30.417,21,45,11,44,27,265,3,2,12,21.25,19,25,15,44
clip_03_9sec,15,12,31,25,44,12,44,28,266,3,2,12,19.667,19,22,16,44
clip_03_9sec,16,12,31.333,21,45,12,44,29,267,3,2,12,20.5,19,24,16,44
clip_03_9sec,17,12,31.333,24,45,13,44,30,268,3,2,12,19.167,19,20,18,44
clip_03_9sec,18,12,31.25,24,39,13,44,31,269,3,2,12,19.167,19,20,18,44
clip_03_9sec,19,12,30.667,22,42,14,44,32,270,3,2,12,20,20,20,19,44
clip_03_9sec,20,12,30.667,23,43,14,44,33,271,3,2,12,20,20,20,19,44
clip_03_9sec,21,12,29.5,22,41,14,44,34,272,3,2,12,19.333,19,20,19,44
clip_03_9sec,22,12,27.583,20,37,16,45,35,273,3,2,12,19.5,19,20,22,45
clip_03_9sec,23,12,26,19,35,16,45,36,274,3,2,12,19,19,19,21,45
clip_03_9sec,24,12,26.333,23,31,16,45,37,275,3,2,12,19,19,19,21,45
clip_03_9sec,25,12,23.75,18,30,17,46,38,276,3,2,12,18.583,18,20,23,46
clip_03_9sec,26,9,22.889,19,26,16.5,44.5,39,277,3,2,9,18.333,18,19,21.5,44.5
clip_03_9sec,1,12,31.667,24,43,10,56,22,260,3,3,12,20.417,18,23,14,56
clip_03_9sec,2,12,35.083,24,51,10,56,23,261,3,3,12,21.25,19,24,15,56
clip_03_9sec,3,12,37.25,22,59,10,56,24,262,3,3,12,20.333,19,23,16,56
clip_03_9sec,4,12,38.583,22,65,11,56,25,263,3,3,12,20.5,19,24,16,56
clip_03_9sec,5,12,38.417,27,64,11,56,26,264,3,3,12,19.833,19,21,17,56
clip_03_9sec,6,12,37.667,19,66,11,56,27,265,3,3,12,19.5,19,21,18,56
clip_03_9sec,7,12,32.833,25,44,12,56,28,266,3,3,12,19,19,19,18,57
clip_03_9sec,8,12,33.083,23,50,13,56,29,267,3,3,12,19,19,19,21,56
clip_03_9sec,9,12,31.5,26,38,13,56,30,268,3,3,12,19,19,19,20,56
clip_03_9sec,10,12,32.917,26,44,13,56,31,269,3,3,12,19,19,19,20,56
clip_03_9sec,11,12,32.833,23,46,14,56,32,270,3,3,12,19.667,19,21,20,56
clip_03_9sec,12,12,30.75,25,38,14,56,33,271,3,3,12,19.333,19,21,20,56
clip_03_9sec,13,12,29.75,21,39,15,56,34,272,3,3,12,19.333,19,21,20,56
clip_03_9sec,14,12,27.75,21,40,15,56,35,273,3,3,12,19.167,19,21,21,56
clip_03_9sec,15,12,22.667,19,28,16,57,36,274,3,3,12,19.333,19,21,22,57
clip_03_9sec,16,12,22,19,24,15,56,37,275,3,3,12,19.5,19,21,21,56
clip_03_9sec,17,12,20.667,19,24,16,55,38,276,3,3,12,19,19,19,22,55
clip_03_9sec,18,12,21.75,21,23,18,56,39,277,3,3,12,19,18,21,24,56
clip_03_9sec,19,12,24.917,22,31,19,56,40,278,3,3,12,19.083,18,23,25,56
clip_03_9sec,20,12,24,21,31,19,55,41,279,3,3,12,20.417,19,22,25,55
clip_03_9sec,21,12,23.583,21,30,20,56,42,280,3,3,12,19.917,19,21,25,56
clip_03_9sec,1,12,24.75,20,29,11,66,29,267,3,3,12,20.083,19,23,16,66
clip_03_9sec,2,12,28.167,23,34,11,66,30,268,3,3,12,19.083,19,20,17,66
clip_03_9sec,3,12,32.083,24,45,11,66,31,269,3,3,12,19,19,19,17,66
clip_03_9sec,4,12,31.333,23,45,11,66,32,270,3,3,12,19.333,19,21,17,66
clip_03_9sec,5,21,28.762,16,66,12.5,66.5,33,271,3,3,21,19,19,19,18.5,66.5
clip_03_9sec,6,21,28.238,18,47,13.5,66.5,34,272,3,3,21,19,19,19,19.5,66.5
clip_03_9sec,7,12,33.667,24,47,14,67,35,273,3,3,12,19,19,19,19,67
clip_03_9sec,8,12,30.417,19,44,15,68,36,274,3,3,12,19,19,19,20,68
clip_03_9sec,9,12,30.917,25,40,15,68,37,275,3,3,12,19,19,19,21,68
clip_03_9sec,10,12,29.083,23,40,15,68,38,276,3,3,12,19,19,19,21,68
clip_03_9sec,11,12,27.75,22,36,15,68,39,277,3,3,12,19,17,23,20,68
clip_03_9sec,12,12,26.5,22,31,18,69,40,278,3,3,12,18.25,16,19,24,69
clip_04_9sec,1,21,30.905,21,52,27.5,20.5,1,251,4,1,21,19.714,19,25,33.5,20.5
clip_04_9sec,2,32,43.094,22,101,29,20,2,252,4,1,32,22.25,20,25,35,20
clip_04_9sec,3,37,61.486,36,173,29.5,19.5,3,253,4,1,37,24.162,21,27,37.5,19.5
clip_04_9sec,4,37,74.405,41,188,29.5,19.5,4,254,4,1,37,31.162,28,36,38.5,19.5
clip_04_9sec,5,37,78.405,42,209,30.5,19.5,5,255,4,1,37,34.541,29,41,37.5,19.5
clip_04_9sec,6,32,81.219,43,212,32,19,6,256,4,1,32,33.344,29,40,39,19
clip_04_9sec,7,32,80.094,42,179,32,19,7,257,4,1,32,32.625,28,38,40,19
clip_04_9sec,8,32,76.125,41,199,33,18,8,258,4,1,32,36.156,30,47,39,18
clip_04_9sec,9,32,76.312,42,192,33,18,9,259,4,1,32,31.438,27,41,41,18
clip_04_9sec,10,21,79.714,38,174,33.5,17.5,10,260,4,1,21,33.857,28,44,39.5,17.5
clip_04_9sec,11,21,81,42,161,34.5,17.5,11,261,4,1,21,31.714,28,40,40.5,17.5
clip_04_9sec,12,21,80.333,35,173,34.5,17.5,12,262,4,1,21,32.905,24,41,40.5,17.5
clip_04_9sec,13,21,76.571,35,166,34.5,17.5,13,263,4,1,21,32.619,26,39,40.5,17.5
clip_04_9sec,14,21,74.857,38,159,35.5,17.5,14,264,4,1,21,31.857,26,39,41.5,17.5
clip_04_9sec,15,21,76.619,41,164,35.5,16.5,15,265,4,1,21,31.905,28,38,41.5,16.5
clip_04_9sec,16,21,69.667,35,139,35.5,16.5,16,266,4,1,21,31.048,27,40,41.5,16.5
clip_04_9sec,17,21,69.143,37,137,36.5,15.5,17,267,4,1,21,29.81,27,35,42.5,15.5
clip_04_9sec,18,21,67.286,34,129,36.5,15.5,18,268,4,1,21,30.905,27,36,42.5,15.5
clip_04_9sec,19,21,64.381,32,136,36.5,15.5,19,269,4,1,21,29.857,27,35,43.5,15.5
clip_04_9sec,20,21,66.952,37,119,37.5,15.5,20,270,4,1,21,28.19,25,31,44.5,15.5
clip_04_9sec,21,21,65.524,37,127,38.5,15.5,21,271,4,1,21,28.095,25,31,44.5,15.5
clip_04_9sec,22,21,60,30,113,38.5,15.5,22,272,4,1,21,28.19,26,31,44.5,16.5
clip_04_9sec,23,21,59.857,28,111,39.5,15.5,23,273,4,1,21,28.714,25,35,44.5,15.5
clip_04_9sec,24,21,55.905,33,104,40.5,15.5,24,274,4,1,21,27.81,23,31,46.5,15.5
clip_04_9sec,25,32,45.656,26,104,41,15,25,275,4,1,32,26.969,23,31,46,15
clip_04_9sec,26,21,50.429,29,88,41.5,14.5,26,276,4,1,21,24.952,22,27,47.5,14.5
clip_04_9sec,27,21,47.095,26,85,41.5,13.5,27,277,4,1,21,24.952,21,28,46.5,13.5
clip_04_9sec,28,21,44.143,26,76,42.5,14.5,28,278,4,1,21,25.238,24,30,48.5,14.5
clip_04_9sec,29,21,42.857,26,76,42.5,13.5,29,279,4,1,21,24,16,27,48.5,14.5
clip_04_9sec,30,21,40.429,24,67,42.5,13.5,30,280,4,1,21,23.143,18,27,47.5,13.5
clip_04_9sec,31,21,38.429,20,60,42.5,13.5,31,281,4,1,21,22.238,18,26,47.5,13.5
clip_04_9sec,32,21,36.857,24,59,43.5,13.5,32,282,4,1,21,20.476,16,24,48.5,13.5
clip_04_9sec,33,21,33.429,23,55,43.5,13.5,33,283,4,1,21,19.762,17,21,48.5,13.5
clip_04_9sec,34,21,31.238,20,48,43.5,13.5,34,284,4,1,21,20.762,19,22,49.5,13.5
clip_04_9sec,35,21,28.238,18,43,43.5,13.5,35,285,4,1,21,21.095,20,22,49.5,13.5
clip_04_9sec,36,32,23.375,17,34,44,13,36,286,4,1,32,20.781,18,28,49,13
clip_04_9sec,37,21,24.286,18,33,44.5,13.5,37,287,4,1,21,20.667,19,23,49.5,13.5
clip_04_9sec,1,12,35.167,24,56,31,35,11,261,4,2,12,24.25,23,26,36,35
clip_04_9sec,2,21,47.333,26,91,32.5,33.5,12,262,4,2,21,23.619,21,25,38.5,33.5
clip_04_9sec,3,21,69.429,35,161,33.5,33.5,13,263,4,2,21,28.667,25,38,39.5,33.5
clip_04_9sec,4,21,79.81,43,177,33.5,33.5,14,264,4,2,21,32.048,26,40,39.5,33.5
clip_04_9sec,5,32,69.531,36,176,34,33,15,265,4,2,32,31.438,25,39,40,33
clip_04_9sec,6,32,68.25,36,166,34,33,16,266,4,2,32,30.125,24,40,40,33
clip_04_9sec,7,21,82.762,45,168,34.5,32.5,17,267,4,2,21,27.762,25,33,40.5,32.5
clip_04_9sec,8,21,75.714,39,157,34.5,32.5,18,268,4,2,21,28.571,25,34,40.5,32.5
clip_04_9sec,9,32,62.719,33,140,35,32,19,269,4,2,32,28.406,25,36,41,32
clip_04_9sec,10,32,59.656,31,127,35,32,20,270,4,2,32,27.188,24,32,42,32
clip_04_9sec,11,32,59.656,32,123,36,32,21,271,4,2,32,28.094,25,41,42,32
clip_04_9sec,12,32,56.875,32,116,36,32,22,272,4,2,32,27.219,25,33,43,32
clip_04_9sec,13,32,49.438,29,101,37,32,23,273,4,2,32,27.656,23,39,43,32
clip_04_9sec,14,32,48.656,28,108,37,31,24,274,4,2,32,30.531,24,59,42,31
clip_04_9sec,15,32,47.406,27,106,37,31,25,275,4,2,32,25.438,20,34,44,31
clip_04_9sec,16,32,44,27,84,38,31,26,276,4,2,32,24.844,22,31,45,31
clip_04_9sec,17,32,41.875,27,80,38,31,27,277,4,2,32,26,22,37,44,31
clip_04_9sec,18,32,37.875,25,69,38,31,28,278,4,2,32,24,21,32,45,31
clip_04_9sec,19,32,37.094,25,69,38,31,29,279,4,2,32,25.438,21,37,44,31
clip_04_9sec,20,32,36.375,24,70,38,31,30,280,4,2,32,23.812,20,33,44,31
clip_04_9sec,21,32,35.031,23,69,38,31,31,281,4,2,32,23.781,20,32,44,31
clip_04_9sec,22,32,33.469,22,66,38,31,32,282,4,2,32,22.469,20,31,44,31
clip_04_9sec,23,32,30.844,20,57,38,31,33,283,4,2,32,21.5,20,26,44,31
clip_04_9sec,24,21,32.524,22,55,39.5,30.5,34,284,4,2,21,21.952,19,26,45.5,30.5
clip_04_9sec,25,21,29.714,21,46,38.5,30.5,35,285,4,2,21,20.952,16,24,44.5,30.5
clip_04_9sec,26,21,27.762,21,39,40.5,30.5,36,286,4,2,21,20.667,17,22,45.5,30.5
clip_04_9sec,27,12,28,21,37,41,31,37,287,4,2,12,20.833,17,23,46,31
clip_04_9sec,1,12,52.25,33,80,34,44,21,271,4,3,12,25.417,22,28,38,44
clip_04_9sec,2,12,64.667,39,102,35,43,22,272,4,3,12,26.25,24,28,39,43
clip_04_9sec,3,12,74.917,40,135,35,43,23,273,4,3,12,25.167,24,27,41,43
clip_04_9sec,4,12,73.917,37,125,36,43,24,274,4,3,12,25.833,24,29,41,43
clip_04_9sec,5,12,76.75,38,132,36,42,25,275,4,3,12,26.083,24,29,41,42
clip_04_9sec,6,12,75.417,40,136,37,41,26,276,4,3,12,25.167,24,27,42,41
clip_04_9sec,7,12,72.917,34,127,37,41,27,277,4,3,12,24,22,25,43,41
clip_04_9sec,8,12,66.083,28,130,37,41,28,278,4,3,12,25.083,23,30,43,41
clip_04_9sec,9,12,67.75,46,113,38,41,29,279,4,3,12,24.5,23,28,43,40
clip_04_9sec,10,12,64.667,39,106,38,41,30,280,4,3,12,23,22,25,44,41
clip_04_9sec,11,21,49.429,30,104,38.5,40.5,31,281,4,3,21,23.905,22,28,43.5,40.5
clip_04_9sec,12,21,47.714,24,98,38.5,40.5,32,282,4,3,21,22.667,21,27,44.5,40.5
clip_04_9sec,13,21,47.143,28,96,39.5,40.5,33,283,4,3,21,22.333,21,26,44.5,40.5
clip_04_9sec,14,12,53.333,34,93,40,40,34,284,4,3,12,21.25,17,24,45,39
clip_04_9sec,15,12,53.833,31,86,40,39,35,285,4,3,12,21.833,17,25,45,39
clip_04_9sec,16,12,53.667,30,84,41,39,36,286,4,3,12,21.083,16,25,46,39
clip_04_9sec,17,12,53.75,30,84,41,39,37,287,4,3,12,23,19,25,45,39
clip_04_9sec,18,12,51.083,34,85,42,38,38,288,4,3,12,21.667,20,23,46,38
clip_04_9sec,19,21,38.762,23,77,42.5,38.5,39,289,4,3,21,22.524,20,24,47.5,38.5
clip_04_9sec,20,21,37.667,18,82,42.5,38.5,40,290,4,3,21,21.81,18,23,48.5,38.5
clip_04_9sec,21,21,38.095,23,70,43.5,37.5,41,291,4,3,21,22.81,21,28,47.5,37.5
clip_04_9sec,22,21,34.619,19,67,43.5,37.5,42,292,4,3,21,21.905,19,28,47.5,37.5
clip_04_9sec,23,21,34.238,22,61,44.5,37.5,43,293,4,3,21,23.095,19,38,47.5,37.5
clip_04_9sec,24,21,32.238,19,59,44.5,37.5,44,294,4,3,21,20.429,18,28,48.5,37.5
clip_04_9sec,25,21,30.667,18,52,45.5,37.5,45,295,4,3,21,19.095,18,22,49.5,37.5
clip_04_9sec,26,21,28.571,17,47,45.5,37.5,46,296,4,3,18,18.556,18,19,50.167,36.5
clip_04_9sec,27,21,27,18,45,45.5,37.5,47,297,4,3,18,18.611,18,20,50.167,37.5
clip_04_9sec,28,21,27.762,19,45,45.5,36.5,48,298,4,3,18,18.667,18,19,50.167,36.5
clip_04_9sec,29,21,24.952,16,41,46.5,36.5,49,299,4,3,21,17.857,16,20,41.5,36.5
clip_04_9sec,30,21,24.952,15,42,46.5,36.5,50,300,4,3,21,18.476,16,22,42.5,36.5
clip_04_9sec,31,21,23.048,14,39,46.5,36.5,51,301,4,3,21,16.524,15,19,42.5,36.5
clip_04_9sec,32,12,24.667,19,37,47,36,52,302,4,3,12,16,15,17,42,36
clip_04_9sec,33,12,20.167,13,29,47,36,53,303,4,3,12,16,15,17,43,36
clip_04_9sec,34,9,21.667,16,29,48.5,36.5,54,304,4,3,9,16,16,16,44.5,36.5
clip_04_9sec,1,32,34.156,23,65,37,52,28,278,4,4,32,19.844,18,21,43,52
clip_04_9sec,2,32,48.219,24,97,37,52,29,279,4,4,32,21.75,20,25,43,52
clip_04_9sec,3,32,46.781,23,99,37,52,30,280,4,4,32,21.75,20,25,43,52
clip_04_9sec,4,32,48.375,24,95,38,52,31,281,4,4,32,21.25,19,25,44,52
clip_04_9sec,5,32,47.188,23,96,38,52,32,282,4,4,32,22.812,20,30,44,52
clip_04_9sec,6,32,46.062,24,86,39,52,33,283,4,4,32,22.656,20,32,44,52
clip_04_9sec,7,32,40.844,21,75,39,52,34,284,4,4,32,22.594,19,34,44,52
clip_04_9sec,8,37,36.189,19,68,39.5,51.5,35,285,4,4,37,22.838,20,34,44.5,51.5
clip_04_9sec,9,37,34.405,20,66,39.5,51.5,36,286,4,4,37,19.757,17,23,46.5,51.5
clip_04_9sec,10,37,32.027,19,56,40.5,51.5,37,287,4,4,37,21.324,17,37,45.5,51.5
clip_04_9sec,11,32,29.375,19,46,41,52,38,288,4,4,32,19.625,17,23,47,52
clip_04_9sec,12,32,28.375,20,40,41,52,39,289,4,4,32,19.094,17,23,36,52
clip_04_9sec,13,32,24.25,18,32,42,52,40,290,4,4,32,18,18,18,37,52
clip_04_9sec,14,32,24.406,20,30,43,52,41,291,4,4,32,18.812,18,27,38,52
clip_04_9sec,15,37,22,19,27,43.5,52.5,42,292,4,4,37,18.162,16,23,37.5,52.5
clip_04_9sec,16,37,20.459,17,24,44.5,52.5,43,293,4,4,37,17.865,17,20,37.5,52.5
clip_04_9sec,1,21,33.667,19,67,38.5,69.5,36,286,4,5,21,18.143,18,19,43.5,69.5
clip_04_9sec,2,21,34.333,19,68,39.5,69.5,37,287,4,5,21,18.238,17,19,45.5,69.5
clip_04_9sec,3,21,38.429,20,75,40.5,69.5,38,288,4,5,21,18,17,19,47.5,69.5
clip_04_9sec,4,21,39.429,20,77,41.5,69.5,39,289,4,5,21,17.667,14,23,45.5,69.5
clip_04_9sec,5,21,35.333,19,75,42.5,70.5,40,290,4,5,21,17.19,14,19,47.5,69.5
clip_04_9sec,6,21,35.19,19,75,42.5,70.5,41,291,4,5,21,18,14,22,46.5,70.5
clip_04_9sec,7,21,34.714,19,76,42.5,70.5,42,292,4,5,21,18,18,18,37.5,70.5
clip_04_9sec,8,21,33.857,19,72,43.5,71.5,43,293,4,5,21,19.667,16,33,39.5,69.5
clip_04_9sec,9,21,32.857,17,73,43.5,71.5,44,294,4,5,21,18.238,17,22,38.5,70.5
clip_04_9sec,10,21,32.857,17,73,44.5,71.5,45,295,4,5,21,18.143,17,22,39.5,71.5
clip_04_9sec,11,21,31.143,15,65,44.5,71.5,46,296,4,5,21,18,17,23,39.5,71.5
clip_04_9sec,12,21,30.143,17,60,45.5,71.5,47,297,4,5,21,17.714,17,24,40.5,72.5
clip_04_9sec,13,21,28.667,15,54,45.5,71.5,48,298,4,5,21,17.667,15,24,40.5,71.5
clip_04_9sec,14,21,28.81,17,60,45.5,71.5,49,299,4,5,21,16.81,16,20,40.5,71.5
clip_04_9sec,15,21,27.286,17,53,46.5,71.5,50,300,4,5,21,16.81,14,22,40.5,72.5
clip_04_9sec,16,21,27.19,14,55,46.5,71.5,51,301,4,5,21,16.952,14,20,41.5,71.5
clip_04_9sec,17,12,29.083,19,50,47,72,52,302,4,5,12,18.75,15,25,43,72
clip_04_9sec,18,12,26,19,44,47,72,53,303,4,5,12,17.167,15,20,43,72
clip_04_9sec,19,12,26.75,20,46,48,72,54,304,4,5,12,17,15,19,44,72
clip_04_9sec,20,12,26,19,46,49,72,55,305,4,5,12,18.167,15,25,45,72
clip_04_9sec,21,12,23.167,16,37,49,72,56,306,4,5,12,16.5,16,17,45,72
clip_04_9sec,22,12,24.5,18,37,50,73,57,307,4,5,12,16,16,16,46,72
clip_04_9sec,1,21,37.619,21,71,17.5,34.5,3,253,5,1,21,22.714,19,27,23.5,34.5
clip_04_9sec,2,21,53.762,29,95,18.5,33.5,4,254,5,1,21,29.905,25,34,24.5,32.5
clip_04_9sec,3,21,70.762,35,118,19.5,32.5,5,255,5,1,21,27,26,29,13.5,32.5
clip_04_9sec,4,32,61.844,30,121,20,32,6,256,5,1,32,27.375,25,30,13,32
clip_04_9sec,5,32,62.156,32,116,20,32,7,257,5,1,32,26.469,24,29,13,32
clip_04_9sec,6,32,58.406,32,118,20,32,8,258,5,1,32,26.438,25,29,13,32
clip_04_9sec,7,32,59.156,30,116,21,32,9,259,5,1,32,26.562,24,31,14,32
clip_04_9sec,8,32,52.5,30,108,21,32,10,260,5,1,32,24.469,19,27,14,32
clip_04_9sec,9,32,51.469,28,109,21,32,11,261,5,1,32,24.406,20,27,15,32
clip_04_9sec,10,32,51.562,28,109,21,32,12,262,5,1,32,24.906,20,29,15,32
clip_04_9sec,11,32,44.344,26,87,21,32,13,263,5,1,32,25.719,23,31,15,32
clip_04_9sec,12,32,43.125,25,79,21,32,14,264,5,1,32,25.406,23,30,15,32
clip_04_9sec,13,32,41.969,26,79,21,32,15,265,5,1,32,25.438,24,29,15,32
clip_04_9sec,14,32,41.219,25,70,21,32,16,266,5,1,32,25.5,23,33,15,32
clip_04_9sec,15,32,40.156,23,72,21,32,17,267,5,1,32,25.531,23,31,15,32
clip_04_9sec,16,32,36.25,22,69,21,32,18,268,5,1,32,24.188,22,30,15,32
clip_04_9sec,17,32,35.625,22,62,21,32,19,269,5,1,32,23.375,22,26,15,32
clip_04_9sec,18,32,34.531,24,58,22,32,20,270,5,1,32,23,22,25,14,32
clip_04_9sec,19,32,32.312,23,56,22,32,21,271,5,1,32,24.469,22,27,16,32
clip_04_9sec,20,32,31.188,24,50,23,32,22,272,5,1,32,24.375,22,29,16,32
clip_04_9sec,21,32,28.344,24,44,23,33,23,273,5,1,32,24.125,22,29,16,33
clip_04_9sec,22,32,26.906,22,40,24,33,24,274,5,1,32,22.281,21,27,15,33
clip_04_9sec,1,21,29.571,25,39,19.5,39.5,12,262,5,2,21,22.286,22,24,13.5,39.5
clip_04_9sec,2,32,41.844,28,78,20,39,13,263,5,2,32,23.188,23,24,13,39
clip_04_9sec,3,32,54.188,30,108,19,40,14,264,5,2,32,25.625,23,28,11,40
clip_04_9sec,4,32,55.438,30,113,19,40,15,265,5,2,32,25.625,23,28,11,40
clip_04_9sec,5,32,57.125,32,109,19,40,16,266,5,2,32,25.406,23,28,12,40
clip_04_9sec,6,32,55.312,28,104,19,40,17,267,5,2,32,25.219,23,27,12,40
clip_04_9sec,7,32,53.906,32,99,20,40,18,268,5,2,32,25.375,23,28,12,40
clip_04_9sec,8,32,51.031,25,96,19,40,19,269,5,2,32,24.625,23,28,12,40
clip_04_9sec,9,21,53.381,30,80,20.5,39.5,20,270,5,2,21,24.762,23,28,14.5,39.5
clip_04_9sec,10,21,49.905,36,75,20.5,39.5,21,271,5,2,21,25.286,23,29,14.5,39.5
clip_04_9sec,11,21,45.762,32,65,20.5,39.5,22,272,5,2,21,25.905,23,30,15.5,39.5
clip_04_9sec,12,21,42.476,29,62,21.5,39.5,23,273,5,2,21,25.524,21,31,16.5,39.5
clip_04_9sec,13,21,40.857,26,61,21.5,39.5,24,274,5,2,21,23.381,21,27,15.5,39.5
clip_04_9sec,14,12,42.083,33,54,22,40,25,275,5,2,12,23,21,26,16,40
clip_04_9sec,15,21,34.238,26,47,22.5,39.5,26,276,5,2,21,21.857,19,25,16.5,39.5
clip_04_9sec,16,12,34.583,24,45,22,40,27,277,5,2,12,21.417,19,24,17,40
clip_04_9sec,17,12,30.917,25,41,23,39,28,278,5,2,12,20.5,17,25,18,39
clip_04_9sec,18,12,29.083,22,36,24,40,29,279,5,2,12,20.833,19,24,17,40
clip_04_9sec,1,16,50.75,38,71,19.5,45,20,270,5,3,16,26.75,26,29,12.5,45
clip_04_9sec,2,20,50.95,33,77,20,45,21,271,5,3,20,25.35,24,27,14,44
clip_04_9sec,3,20,50.8,32,79,20,45,22,272,5,3,20,25.55,25,27,13,45
clip_04_9sec,4,16,54.562,33,79,21.5,45,23,273,5,3,16,25.812,24,31,15.5,45
clip_04_9sec,5,16,54.562,34,80,21.5,45,24,274,5,3,16,24.625,24,28,14.5,45
clip_04_9sec,6,16,47.438,29,68,21.5,45,25,275,5,3,16,22.938,19,25,15.5,45
clip_04_9sec,7,16,43.375,25,63,21.5,45,26,276,5,3,16,22.312,19,24,15.5,45
clip_04_9sec,8,16,42.938,27,60,22.5,45,27,277,5,3,16,21.812,20,23,15.5,45
clip_04_9sec,9,12,39.333,25,52,23,45,28,278,5,3,12,20.333,17,24,17,45
clip_04_9sec,10,12,36.25,29,46,23,45,29,279,5,3,12,20.833,19,23,17,45
clip_04_9sec,11,12,28.333,25,34,23,45,30,280,5,3,12,20.75,20,21,18,45
clip_04_9sec,12,12,27.583,25,32,23,45,31,281,5,3,12,21.083,20,23,19,45