Date,Experiment,Tank,Tank_order,Activity,Activity_rank,Stimulus_duration,Brightness,Response,Response_normalized,Stimulus_order,Trial_order,Trial,Start_time,Program,include
18-May-17,Duration,A,1,38,1,3,50,11,0.095652174,1,1,1,20:03,1,1
18-May-17,Duration,A,1,38,1,1,50,5,0.043478261,2,2,1,20:03,1,1
18-May-17,Duration,A,1,38,1,0.5,50,0,0,3,3,1,20:03,1,1
18-May-17,Duration,A,1,38,1,7,50,18,0.156521739,4,4,1,20:03,1,1
18-May-17,Duration,A,1,38,1,5,50,19,0.165217391,5,5,1,20:03,1,1
18-May-17,Duration,A,1,38,1,4,50,13,0.113043478,6,6,1,20:03,1,1
18-May-17,Duration,A,1,38,1,2,50,11,0.095652174,7,7,1,20:03,1,1
18-May-17,Duration,A,1,38,1,10,50,16,0.139130435,8,8,1,20:03,1,1
18-May-17,Duration,A,1,38,1,6,50,14,0.12173913,9,9,1,20:03,1,1
18-May-17,Duration,A,1,38,1,8,50,8,0.069565217,10,10,1,20:03,1,1
18-May-17,Duration,A,1,38,1,2,50,17,0.17,11,1,2,20:03,1,1
18-May-17,Duration,A,1,38,1,6,50,13,0.13,12,2,2,20:03,1,1
18-May-17,Duration,A,1,38,1,8,50,16,0.16,13,3,2,20:03,1,1
18-May-17,Duration,A,1,38,1,1,50,4,0.04,14,4,2,20:03,1,1
18-May-17,Duration,A,1,38,1,4,50,6,0.06,15,5,2,20:03,1,1
18-May-17,Duration,A,1,38,1,5,50,10,0.1,16,6,2,20:03,1,1
18-May-17,Duration,A,1,38,1,10,50,7,0.07,17,7,2,20:03,1,1
18-May-17,Duration,A,1,38,1,3,50,11,0.11,18,8,2,20:03,1,1
18-May-17,Duration,A,1,38,1,0.5,50,0,0,19,9,2,20:03,1,1
18-May-17,Duration,A,1,38,1,7,50,16,0.16,20,10,2,20:03,1,1
18-May-17,Duration,A,1,38,1,7,50,14,0.142857143,21,1,3,20:03,1,1
18-May-17,Duration,A,1,38,1,0.5,50,1,0.010204082,22,2,3,20:03,1,1
18-May-17,Duration,A,1,38,1,6,50,14,0.142857143,23,3,3,20:03,1,1
18-May-17,Duration,A,1,38,1,8,50,9,0.091836735,24,4,3,20:03,1,1
18-May-17,Duration,A,1,38,1,2,50,5,0.051020408,25,5,3,20:03,1,1
18-May-17,Duration,A,1,38,1,1,50,3,0.030612245,26,6,3,20:03,1,1
18-May-17,Duration,A,1,38,1,3,50,10,0.102040816,27,7,3,20:03,1,1
18-May-17,Duration,A,1,38,1,5,50,14,0.142857143,28,8,3,20:03,1,1
18-May-17,Duration,A,1,38,1,10,50,11,0.112244898,29,9,3,20:03,1,1
18-May-17,Duration,A,1,38,1,4,50,17,0.173469388,30,10,3,20:03,1,1
18-May-17,Duration,B,2,61,3,8,50,17,0.120567376,1,1,1,22:35,2,1
18-May-17,Duration,B,2,61,3,5,50,22,0.156028369,2,2,1,22:35,2,1
18-May-17,Duration,B,2,61,3,7,50,13,0.092198582,3,3,1,22:35,2,1
18-May-17,Duration,B,2,61,3,6,50,14,0.09929078,4,4,1,22:35,2,1
18-May-17,Duration,B,2,61,3,4,50,14,0.09929078,5,5,1,22:35,2,1
18-May-17,Duration,B,2,61,3,1,50,7,0.04964539,6,6,1,22:35,2,1
18-May-17,Duration,B,2,61,3,2,50,7,0.04964539,7,7,1,22:35,2,1
18-May-17,Duration,B,2,61,3,10,50,12,0.085106383,8,8,1,22:35,2,1
18-May-17,Duration,B,2,61,3,3,50,15,0.106382979,9,9,1,22:35,2,1
18-May-17,Duration,B,2,61,3,0.5,50,20,0.141843972,10,10,1,22:35,2,1
18-May-17,Duration,B,2,61,3,3,50,16,0.108108108,11,1,2,22:35,2,1
18-May-17,Duration,B,2,61,3,2,50,15,0.101351351,12,2,2,22:35,2,1
18-May-17,Duration,B,2,61,3,10,50,15,0.101351351,13,3,2,22:35,2,1
18-May-17,Duration,B,2,61,3,7,50,17,0.114864865,14,4,2,22:35,2,1
18-May-17,Duration,B,2,61,3,1,50,21,0.141891892,15,5,2,22:35,2,1
18-May-17,Duration,B,2,61,3,8,50,11,0.074324324,16,6,2,22:35,2,1
18-May-17,Duration,B,2,61,3,0.5,50,1,0.006756757,17,7,2,22:35,2,1
18-May-17,Duration,B,2,61,3,6,50,20,0.135135135,18,8,2,22:35,2,1
18-May-17,Duration,B,2,61,3,4,50,16,0.108108108,19,9,2,22:35,2,1
18-May-17,Duration,B,2,61,3,5,50,16,0.108108108,20,10,2,22:35,2,1
18-May-17,Duration,B,2,61,3,6,50,15,0.135135135,21,1,3,22:35,2,1
18-May-17,Duration,B,2,61,3,4,50,18,0.162162162,22,2,3,22:35,2,1
18-May-17,Duration,B,2,61,3,10,50,18,0.162162162,23,3,3,22:35,2,1
18-May-17,Duration,B,2,61,3,5,50,16,0.144144144,24,4,3,22:35,2,1
18-May-17,Duration,B,2,61,3,1,50,0,0,25,5,3,22:35,2,1
18-May-17,Duration,B,2,61,3,2,50,7,0.063063063,26,6,3,22:35,2,1
18-May-17,Duration,B,2,61,3,7,50,16,0.144144144,27,7,3,22:35,2,1
18-May-17,Duration,B,2,61,3,0.5,50,0,0,28,8,3,22:35,2,1
18-May-17,Duration,B,2,61,3,8,50,22,0.198198198,29,9,3,22:35,2,1
18-May-17,Duration,B,2,61,3,3,50,14,0.126126126,30,10,3,22:35,2,1
18-May-17,Duration,B,2,61,3,8,50,13,0.09352518,31,1,4,22:35,2,1
18-May-17,Duration,B,2,61,3,5,50,16,0.115107914,32,2,4,22:35,2,1
18-May-17,Duration,B,2,61,3,7,50,19,0.136690647,33,3,4,22:35,2,1
18-May-17,Duration,B,2,61,3,6,50,17,0.122302158,34,4,4,22:35,2,1
18-May-17,Duration,B,2,61,3,4,50,15,0.107913669,35,5,4,22:35,2,1
18-May-17,Duration,B,2,61,3,1,50,8,0.057553957,36,6,4,22:35,2,1
18-May-17,Duration,B,2,61,3,2,50,13,0.09352518,37,7,4,22:35,2,1
18-May-17,Duration,B,2,61,3,10,50,17,0.122302158,38,8,4,22:35,2,1
18-May-17,Duration,B,2,61,3,3,50,21,0.151079137,39,9,4,22:35,2,1
18-May-17,Duration,B,2,61,3,0.5,50,0,0,40,10,4,22:35,2,1
18-May-17,Duration,C,3,56,2,8,50,13,0.108333333,1,1,1,0:20,2,1
18-May-17,Duration,C,3,56,2,5,50,7,0.058333333,2,2,1,0:20,2,1
18-May-17,Duration,C,3,56,2,7,50,22,0.183333333,3,3,1,0:20,2,1
18-May-17,Duration,C,3,56,2,6,50,20,0.166666667,4,4,1,0:20,2,1
18-May-17,Duration,C,3,56,2,4,50,11,0.091666667,5,5,1,0:20,2,1
18-May-17,Duration,C,3,56,2,1,50,14,0.116666667,6,6,1,0:20,2,1
18-May-17,Duration,C,3,56,2,2,50,6,0.05,7,7,1,0:20,2,1
18-May-17,Duration,C,3,56,2,10,50,10,0.083333333,8,8,1,0:20,2,1
18-May-17,Duration,C,3,56,2,3,50,17,0.141666667,9,9,1,0:20,2,1
18-May-17,Duration,C,3,56,2,0.5,50,0,0,10,10,1,0:20,2,1
18-May-17,Duration,C,3,56,2,3,50,11,0.084615385,11,1,2,0:20,2,1
18-May-17,Duration,C,3,56,2,2,50,17,0.130769231,12,2,2,0:20,2,1
18-May-17,Duration,C,3,56,2,10,50,8,0.061538462,13,3,2,0:20,2,1
18-May-17,Duration,C,3,56,2,7,50,20,0.153846154,14,4,2,0:20,2,1
18-May-17,Duration,C,3,56,2,1,50,11,0.084615385,15,5,2,0:20,2,1
18-May-17,Duration,C,3,56,2,8,50,13,0.1,16,6,2,0:20,2,1
18-May-17,Duration,C,3,56,2,0.5,50,0,0,17,7,2,0:20,2,1
18-May-17,Duration,C,3,56,2,6,50,20,0.153846154,18,8,2,0:20,2,1
18-May-17,Duration,C,3,56,2,4,50,14,0.107692308,19,9,2,0:20,2,1
18-May-17,Duration,C,3,56,2,5,50,16,0.123076923,20,10,2,0:20,2,1
18-May-17,Duration,C,3,56,2,6,50,18,0.134328358,21,1,3,0:20,2,1
18-May-17,Duration,C,3,56,2,4,50,16,0.119402985,22,2,3,0:20,2,1
18-May-17,Duration,C,3,56,2,10,50,7,0.052238806,23,3,3,0:20,2,1
18-May-17,Duration,C,3,56,2,5,50,17,0.126865672,24,4,3,0:20,2,1
18-May-17,Duration,C,3,56,2,1,50,23,0.171641791,25,5,3,0:20,2,1
18-May-17,Duration,C,3,56,2,2,50,13,0.097014925,26,6,3,0:20,2,1
18-May-17,Duration,C,3,56,2,7,50,12,0.089552239,27,7,3,0:20,2,1
18-May-17,Duration,C,3,56,2,0.5,50,0,0,28,8,3,0:20,2,1
18-May-17,Duration,C,3,56,2,8,50,11,0.082089552,29,9,3,0:20,2,1
18-May-17,Duration,C,3,56,2,3,50,17,0.126865672,30,10,3,0:20,2,1
18-May-17,Duration,C,3,56,2,8,50,12,0.131868132,31,1,4,0:20,2,1
18-May-17,Duration,C,3,56,2,5,50,13,0.142857143,32,2,4,0:20,2,1
18-May-17,Duration,C,3,56,2,7,50,10,0.10989011,33,3,4,0:20,2,1
18-May-17,Duration,C,3,56,2,6,50,12,0.131868132,34,4,4,0:20,2,1
18-May-17,Duration,C,3,56,2,4,50,13,0.142857143,35,5,4,0:20,2,1
18-May-17,Duration,C,3,56,2,1,50,5,0.054945055,36,6,4,0:20,2,1
18-May-17,Duration,C,3,56,2,2,50,6,0.065934066,37,7,4,0:20,2,1
18-May-17,Duration,C,3,56,2,10,50,8,0.087912088,38,8,4,0:20,2,1
18-May-17,Duration,C,3,56,2,3,50,12,0.131868132,39,9,4,0:20,2,1
18-May-17,Duration,C,3,56,2,0.5,50,0,0,40,10,4,0:20,2,1
18-May-17,Duration,D,4,71,4,1,50,8,0.080808081,1,1,1,1:55,3,1
18-May-17,Duration,D,4,71,4,2,50,6,0.060606061,2,2,1,1:55,3,1
18-May-17,Duration,D,4,71,4,7,50,17,0.171717172,3,3,1,1:55,3,1
18-May-17,Duration,D,4,71,4,4,50,15,0.151515152,4,4,1,1:55,3,1
18-May-17,Duration,D,4,71,4,10,50,8,0.080808081,5,5,1,1:55,3,1
18-May-17,Duration,D,4,71,4,8,50,11,0.111111111,6,6,1,1:55,3,1
18-May-17,Duration,D,4,71,4,3,50,11,0.111111111,7,7,1,1:55,3,1
18-May-17,Duration,D,4,71,4,6,50,10,0.101010101,8,8,1,1:55,3,1
18-May-17,Duration,D,4,71,4,5,50,10,0.101010101,9,9,1,1:55,3,1
18-May-17,Duration,D,4,71,4,0.5,50,3,0.03030303,10,10,1,1:55,3,1
18-May-17,Duration,D,4,71,4,5,50,18,0.18556701,11,1,2,1:55,3,1
18-May-17,Duration,D,4,71,4,0.5,50,2,0.020618557,12,2,2,1:55,3,1
18-May-17,Duration,D,4,71,4,4,50,10,0.103092784,13,3,2,1:55,3,1
18-May-17,Duration,D,4,71,4,8,50,10,0.103092784,14,4,2,1:55,3,1
18-May-17,Duration,D,4,71,4,7,50,9,0.092783505,15,5,2,1:55,3,1
18-May-17,Duration,D,4,71,4,3,50,12,0.12371134,16,6,2,1:55,3,1
18-May-17,Duration,D,4,71,4,10,50,3,0.030927835,17,7,2,1:55,3,1
18-May-17,Duration,D,4,71,4,1,50,4,0.041237113,18,8,2,1:55,3,1
18-May-17,Duration,D,4,71,4,2,50,15,0.154639175,19,9,2,1:55,3,1
18-May-17,Duration,D,4,71,4,6,50,14,0.144329897,20,10,2,1:55,3,1
18-May-17,Duration,D,4,71,4,0.5,50,1,0.009803922,21,1,3,1:55,3,1
18-May-17,Duration,D,4,71,4,4,50,15,0.147058824,22,2,3,1:55,3,1
18-May-17,Duration,D,4,71,4,3,50,5,0.049019608,23,3,3,1:55,3,1
18-May-17,Duration,D,4,71,4,2,50,20,0.196078431,24,4,3,1:55,3,1
18-May-17,Duration,D,4,71,4,7,50,12,0.117647059,25,5,3,1:55,3,1
18-May-17,Duration,D,4,71,4,10,50,8,0.078431373,26,6,3,1:55,3,1
18-May-17,Duration,D,4,71,4,5,50,16,0.156862745,27,7,3,1:55,3,1
18-May-17,Duration,D,4,71,4,6,50,9,0.088235294,28,8,3,1:55,3,1
18-May-17,Duration,D,4,71,4,1,50,3,0.029411765,29,9,3,1:55,3,1
18-May-17,Duration,D,4,71,4,8,50,13,0.12745098,30,10,3,1:55,3,1
19-May-17,Duration,B,1,42,1,1,50,5,0.040650407,1,1,1,20:18,3,1
19-May-17,Duration,B,1,42,1,2,50,10,0.081300813,2,2,1,20:18,3,1
19-May-17,Duration,B,1,42,1,7,50,14,0.113821138,3,3,1,20:18,3,1
19-May-17,Duration,B,1,42,1,4,50,12,0.097560976,4,4,1,20:18,3,1
19-May-17,Duration,B,1,42,1,10,50,14,0.113821138,5,5,1,20:18,3,1
19-May-17,Duration,B,1,42,1,8,50,8,0.06504065,6,6,1,20:18,3,1
19-May-17,Duration,B,1,42,1,3,50,24,0.195121951,7,7,1,20:18,3,1
19-May-17,Duration,B,1,42,1,6,50,16,0.130081301,8,8,1,20:18,3,1
19-May-17,Duration,B,1,42,1,5,50,19,0.154471545,9,9,1,20:18,3,1
19-May-17,Duration,B,1,42,1,0.5,50,1,0.008130081,10,10,1,20:18,3,1
19-May-17,Duration,B,1,42,1,5,50,26,0.147727273,11,1,2,20:18,3,1
19-May-17,Duration,B,1,42,1,0.5,50,4,0.022727273,12,2,2,20:18,3,1
19-May-17,Duration,B,1,42,1,4,50,25,0.142045455,13,3,2,20:18,3,1
19-May-17,Duration,B,1,42,1,8,50,14,0.079545455,14,4,2,20:18,3,1
19-May-17,Duration,B,1,42,1,7,50,21,0.119318182,15,5,2,20:18,3,1
19-May-17,Duration,B,1,42,1,3,50,20,0.113636364,16,6,2,20:18,3,1
19-May-17,Duration,B,1,42,1,10,50,17,0.096590909,17,7,2,20:18,3,1
19-May-17,Duration,B,1,42,1,1,50,4,0.022727273,18,8,2,20:18,3,1
19-May-17,Duration,B,1,42,1,2,50,20,0.113636364,19,9,2,20:18,3,1
19-May-17,Duration,B,1,42,1,6,50,25,0.149700599,20,10,2,20:18,3,1
19-May-17,Duration,B,1,42,1,0.5,50,0,0,21,1,3,20:18,3,1
19-May-17,Duration,B,1,42,1,4,50,24,0.143712575,22,2,3,20:18,3,1
19-May-17,Duration,B,1,42,1,3,50,14,0.083832335,23,3,3,20:18,3,0
19-May-17,Duration,B,1,42,1,2,50,25,0.149700599,24,4,3,20:18,3,0
19-May-17,Duration,B,1,42,1,7,50,24,0.143712575,25,5,3,20:18,3,1
19-May-17,Duration,B,1,42,1,10,50,12,0.071856287,26,6,3,20:18,3,1
19-May-17,Duration,B,1,42,1,5,50,20,0.119760479,27,7,3,20:18,3,1
19-May-17,Duration,B,1,42,1,6,50,24,0.143712575,28,8,3,20:18,3,1
19-May-17,Duration,B,1,42,1,1,50,4,0.023952096,29,9,3,20:18,3,1
19-May-17,Duration,B,1,42,1,8,50,20,0.104166667,30,10,3,20:18,3,1
19-May-17,Duration,C,2,139,4,4,50,19,0.098958333,1,1,1,21:28,4,1
19-May-17,Duration,C,2,139,4,5,50,26,0.135416667,2,2,1,21:28,4,1
19-May-17,Duration,C,2,139,4,0.5,50,1,0.005208333,3,3,1,21:28,4,1
19-May-17,Duration,C,2,139,4,6,50,17,0.088541667,4,4,1,21:28,4,1
19-May-17,Duration,C,2,139,4,3,50,22,0.114583333,5,5,1,21:28,4,1
19-May-17,Duration,C,2,139,4,10,50,20,0.104166667,6,6,1,21:28,4,1
19-May-17,Duration,C,2,139,4,8,50,25,0.130208333,7,7,1,21:28,4,1
19-May-17,Duration,C,2,139,4,1,50,11,0.057291667,8,8,1,21:28,4,1
19-May-17,Duration,C,2,139,4,7,50,26,0.135416667,9,9,1,21:28,4,1
19-May-17,Duration,C,2,139,4,2,50,25,0.147928994,10,10,1,21:28,4,1
19-May-17,Duration,C,2,139,4,3,50,20,0.118343195,11,1,2,21:28,4,1
19-May-17,Duration,C,2,139,4,5,50,12,0.071005917,12,2,2,21:28,4,1
19-May-17,Duration,C,2,139,4,2,50,18,0.106508876,13,3,2,21:28,4,1
19-May-17,Duration,C,2,139,4,0.5,50,0,0,14,4,2,21:28,4,1
19-May-17,Duration,C,2,139,4,4,50,15,0.088757396,15,5,2,21:28,4,1
19-May-17,Duration,C,2,139,4,10,50,31,0.183431953,16,6,2,21:28,4,1
19-May-17,Duration,C,2,139,4,7,50,25,0.147928994,17,7,2,21:28,4,1
19-May-17,Duration,C,2,139,4,1,50,5,0.029585799,18,8,2,21:28,4,1
19-May-17,Duration,C,2,139,4,6,50,22,0.130177515,19,9,2,21:28,4,1
19-May-17,Duration,C,2,139,4,8,50,21,0.125,20,10,2,21:28,4,1
19-May-17,Duration,C,2,139,4,3,50,9,0.053571429,21,1,3,21:28,4,1
19-May-17,Duration,C,2,139,4,7,50,25,0.148809524,22,2,3,21:28,4,1
19-May-17,Duration,C,2,139,4,2,50,19,0.113095238,23,3,3,21:28,4,1
19-May-17,Duration,C,2,139,4,1,50,3,0.017857143,24,4,3,21:28,4,1
19-May-17,Duration,C,2,139,4,5,50,21,0.125,25,5,3,21:28,4,1
19-May-17,Duration,C,2,139,4,6,50,18,0.107142857,26,6,3,21:28,4,1
19-May-17,Duration,C,2,139,4,8,50,25,0.148809524,27,7,3,21:28,4,1
19-May-17,Duration,C,2,139,4,4,50,21,0.125,28,8,3,21:28,4,1
19-May-17,Duration,C,2,139,4,10,50,26,0.154761905,29,9,3,21:28,4,1
19-May-17,Duration,C,2,139,4,0.5,50,1,0.005952381,30,10,3,21:28,4,1
19-May-17,Duration,D,3,114,3,4,50,20,0.137931034,1,1,1,22:34,4,1
19-May-17,Duration,D,3,114,3,5,50,17,0.117241379,2,2,1,22:34,4,1
19-May-17,Duration,D,3,114,3,0.5,50,0,0,3,3,1,22:34,4,1
19-May-17,Duration,D,3,114,3,6,50,15,0.103448276,4,4,1,22:34,4,1
19-May-17,Duration,D,3,114,3,3,50,19,0.131034483,5,5,1,22:34,4,1
19-May-17,Duration,D,3,114,3,10,50,12,0.082758621,6,6,1,22:34,4,1
19-May-17,Duration,D,3,114,3,8,50,15,0.103448276,7,7,1,22:34,4,1
19-May-17,Duration,D,3,114,3,1,50,6,0.04137931,8,8,1,22:34,4,1
19-May-17,Duration,D,3,114,3,7,50,15,0.103448276,9,9,1,22:34,4,1
19-May-17,Duration,D,3,114,3,2,50,26,0.179310345,10,10,1,22:34,4,1
19-May-17,Duration,D,3,114,3,3,50,14,0.117647059,11,1,2,22:34,4,1
19-May-17,Duration,D,3,114,3,5,50,19,0.159663866,12,2,2,22:34,4,1
19-May-17,Duration,D,3,114,3,2,50,11,0.092436975,13,3,2,22:34,4,1
19-May-17,Duration,D,3,114,3,0.5,50,0,0,14,4,2,22:34,4,1
19-May-17,Duration,D,3,114,3,4,50,18,0.151260504,15,5,2,22:34,4,1
19-May-17,Duration,D,3,114,3,10,50,11,0.092436975,16,6,2,22:34,4,1
19-May-17,Duration,D,3,114,3,7,50,18,0.151260504,17,7,2,22:34,4,1
19-May-17,Duration,D,3,114,3,1,50,3,0.025210084,18,8,2,22:34,4,1
19-May-17,Duration,D,3,114,3,6,50,7,0.058823529,19,9,2,22:34,4,1
19-May-17,Duration,D,3,114,3,8,50,18,0.121621622,20,10,2,22:34,4,1
19-May-17,Duration,D,3,114,3,3,50,12,0.081081081,21,1,3,22:34,4,1
19-May-17,Duration,D,3,114,3,7,50,21,0.141891892,22,2,3,22:34,4,1
19-May-17,Duration,D,3,114,3,2,50,14,0.094594595,23,3,3,22:34,4,1
19-May-17,Duration,D,3,114,3,1,50,7,0.047297297,24,4,3,22:34,4,1
19-May-17,Duration,D,3,114,3,5,50,20,0.135135135,25,5,3,22:34,4,1
19-May-17,Duration,D,3,114,3,6,50,20,0.135135135,26,6,3,22:34,4,1
19-May-17,Duration,D,3,114,3,8,50,19,0.128378378,27,7,3,22:34,4,1
19-May-17,Duration,D,3,114,3,4,50,26,0.175675676,28,8,3,22:34,4,1
19-May-17,Duration,D,3,114,3,10,50,9,0.060810811,29,9,3,22:34,4,1
19-May-17,Duration,D,3,114,3,0.5,50,0,0,30,10,3,22:34,4,1
19-May-17,Duration,A,4,99,2,3,50,6,0.043165468,1,1,1,23:45,1,1
19-May-17,Duration,A,4,99,2,1,50,5,0.035971223,2,2,1,23:45,1,1
19-May-17,Duration,A,4,99,2,0.5,50,3,0.021582734,3,3,1,23:45,1,1
19-May-17,Duration,A,4,99,2,7,50,25,0.179856115,4,4,1,23:45,1,1
19-May-17,Duration,A,4,99,2,5,50,15,0.107913669,5,5,1,23:45,1,1
19-May-17,Duration,A,4,99,2,4,50,18,0.129496403,6,6,1,23:45,1,1
19-May-17,Duration,A,4,99,2,2,50,14,0.100719424,7,7,1,23:45,1,1
19-May-17,Duration,A,4,99,2,10,50,16,0.115107914,8,8,1,23:45,1,1
19-May-17,Duration,A,4,99,2,6,50,25,0.179856115,9,9,1,23:45,1,0
19-May-17,Duration,A,4,99,2,8,50,12,0.074534161,10,10,1,23:45,1,1
19-May-17,Duration,A,4,99,2,2,50,14,0.086956522,11,1,2,23:45,1,1
19-May-17,Duration,A,4,99,2,6,50,20,0.124223602,12,2,2,23:45,1,1
19-May-17,Duration,A,4,99,2,8,50,17,0.105590062,13,3,2,23:45,1,1
19-May-17,Duration,A,4,99,2,1,50,2,0.01242236,14,4,2,23:45,1,1
19-May-17,Duration,A,4,99,2,4,50,21,0.130434783,15,5,2,23:45,1,1
19-May-17,Duration,A,4,99,2,5,50,21,0.130434783,16,6,2,23:45,1,1
19-May-17,Duration,A,4,99,2,10,50,17,0.105590062,17,7,2,23:45,1,1
19-May-17,Duration,A,4,99,2,3,50,21,0.130434783,18,8,2,23:45,1,1
19-May-17,Duration,A,4,99,2,0.5,50,0,0,19,9,2,23:45,1,1
19-May-17,Duration,A,4,99,2,7,50,28,0.176100629,20,10,2,23:45,1,1
19-May-17,Duration,A,4,99,2,7,50,20,0.125786164,21,1,3,23:45,1,1
19-May-17,Duration,A,4,99,2,0.5,50,2,0.012578616,22,2,3,23:45,1,1
19-May-17,Duration,A,4,99,2,6,50,18,0.113207547,23,3,3,23:45,1,1
19-May-17,Duration,A,4,99,2,8,50,23,0.144654088,24,4,3,23:45,1,1
19-May-17,Duration,A,4,99,2,2,50,13,0.081761006,25,5,3,23:45,1,1
19-May-17,Duration,A,4,99,2,1,50,1,0.006289308,26,6,3,23:45,1,1
19-May-17,Duration,A,4,99,2,3,50,22,0.13836478,27,7,3,23:45,1,1
19-May-17,Duration,A,4,99,2,5,50,22,0.13836478,28,8,3,23:45,1,1
19-May-17,Duration,A,4,99,2,10,50,15,0.094339623,29,9,3,23:45,1,1
19-May-17,Duration,A,4,99,2,4,50,23,0.144654088,30,10,3,23:45,1,1
21-May-17,Intensity,B,2,50,,3,180,26,0.109243697,1,1,1,22:27,3,1
21-May-17,Intensity,B,2,50,,3,10,18,0.075630252,2,2,1,22:27,3,1
21-May-17,Intensity,B,2,50,,3,70,36,0.151260504,3,3,1,22:27,3,1
21-May-17,Intensity,B,2,50,,3,50,28,0.117647059,4,4,1,22:27,3,1
21-May-17,Intensity,B,2,50,,3,30,24,0.100840336,5,5,1,22:27,3,1
21-May-17,Intensity,B,2,50,,3,5,10,0.042016807,6,6,1,22:27,3,1
21-May-17,Intensity,B,2,50,,3,120,29,0.121848739,7,7,1,22:27,3,1
21-May-17,Intensity,B,2,50,,3,90,23,0.096638655,8,8,1,22:27,3,1
21-May-17,Intensity,B,2,50,,3,20,17,0.071428571,9,9,1,22:27,3,1
21-May-17,Intensity,B,2,50,,3,255,27,0.113445378,10,10,1,22:27,3,1
21-May-17,Intensity,B,2,50,,3,10,9,0.052325581,11,1,2,22:27,3,1
21-May-17,Intensity,B,2,50,,3,180,21,0.122093023,12,2,2,22:27,3,1
21-May-17,Intensity,B,2,50,,8,5,7,0.040697674,13,3,2,22:27,3,0
21-May-17,Intensity,B,2,50,,3,70,18,0.104651163,14,4,2,22:27,3,1
21-May-17,Intensity,B,2,50,,3,20,15,0.087209302,15,5,2,22:27,3,1
21-May-17,Intensity,B,2,50,,3,120,21,0.122093023,16,6,2,22:27,3,1
21-May-17,Intensity,B,2,50,,3,255,21,0.122093023,17,7,2,22:27,3,1
21-May-17,Intensity,B,2,50,,3,50,17,0.098837209,18,8,2,22:27,3,1
21-May-17,Intensity,B,2,50,,3,30,21,0.122093023,19,9,2,22:27,3,1
21-May-17,Intensity,B,2,50,,3,90,22,0.127906977,20,10,2,22:27,3,1
21-May-17,Intensity,B,2,50,,3,255,24,0.140350877,21,1,3,22:27,3,1
21-May-17,Intensity,B,2,50,,3,180,23,0.134502924,22,2,3,22:27,3,1
21-May-17,Intensity,B,2,50,,3,70,21,0.122807018,23,3,3,22:27,3,1
21-May-17,Intensity,B,2,50,,3,120,20,0.116959064,24,4,3,22:27,3,1
21-May-17,Intensity,B,2,50,,3,30,17,0.099415205,25,5,3,22:27,3,1
21-May-17,Intensity,B,2,50,,3,5,1,0.005847953,26,6,3,22:27,3,1
21-May-17,Intensity,B,2,50,,3,50,20,0.116959064,27,7,3,22:27,3,1
21-May-17,Intensity,B,2,50,,3,20,13,0.076023392,28,8,3,22:27,3,1
21-May-17,Intensity,B,2,50,,3,90,22,0.128654971,29,9,3,22:27,3,1
21-May-17,Intensity,B,2,50,,3,10,10,0.058479532,30,10,3,22:27,3,1
21-May-17,Intensity,C,3,99,,3,255,20,0.11627907,1,1,1,23:46,2,1
21-May-17,Intensity,C,3,99,,3,70,17,0.098837209,2,2,1,23:46,2,1
21-May-17,Intensity,C,3,99,,3,10,22,0.127906977,3,3,1,23:46,2,1
21-May-17,Intensity,C,3,99,,3,5,12,0.069767442,4,4,1,23:46,2,1
21-May-17,Intensity,C,3,99,,3,120,8,0.046511628,5,5,1,23:46,2,1
21-May-17,Intensity,C,3,99,,3,50,2,0.011627907,6,6,1,23:46,2,1
21-May-17,Intensity,C,3,99,,3,90,22,0.127906977,7,7,1,23:46,2,1
21-May-17,Intensity,C,3,99,,3,20,24,0.139534884,8,8,1,23:46,2,1
21-May-17,Intensity,C,3,99,,3,30,18,0.104651163,9,9,1,23:46,2,1
21-May-17,Intensity,C,3,99,,3,180,27,0.156976744,10,10,1,23:46,2,1
21-May-17,Intensity,C,3,99,,3,20,25,0.132978723,11,1,2,23:46,2,1
21-May-17,Intensity,C,3,99,,3,30,19,0.10106383,12,2,2,23:46,2,1
21-May-17,Intensity,C,3,99,,3,5,22,0.117021277,13,3,2,23:46,2,1
21-May-17,Intensity,C,3,99,,3,120,14,0.074468085,14,4,2,23:46,2,1
21-May-17,Intensity,C,3,99,,3,255,16,0.085106383,15,5,2,23:46,2,1
21-May-17,Intensity,C,3,99,,3,70,20,0.106382979,16,6,2,23:46,2,1
21-May-17,Intensity,C,3,99,,3,90,19,0.10106383,17,7,2,23:46,2,1
21-May-17,Intensity,C,3,99,,3,10,19,0.10106383,18,8,2,23:46,2,1
21-May-17,Intensity,C,3,99,,3,50,15,0.079787234,19,9,2,23:46,2,1
21-May-17,Intensity,C,3,99,,3,180,19,0.10106383,20,10,2,23:46,2,1
21-May-17,Intensity,C,3,99,,3,20,21,0.114130435,21,1,3,23:46,2,1
21-May-17,Intensity,C,3,99,,3,20,21,0.114130435,22,2,3,23:46,2,1
21-May-17,Intensity,C,3,99,,3,30,17,0.092391304,23,3,3,23:46,2,1
21-May-17,Intensity,C,3,99,,3,5,10,0.054347826,24,4,3,23:46,2,1
21-May-17,Intensity,C,3,99,,3,120,16,0.086956522,25,5,3,23:46,2,1
21-May-17,Intensity,C,3,99,,3,255,23,0.125,26,6,3,23:46,2,1
21-May-17,Intensity,C,3,99,,3,70,18,0.097826087,27,7,3,23:46,2,1
21-May-17,Intensity,C,3,99,,3,90,19,0.10326087,28,8,3,23:46,2,1
21-May-17,Intensity,C,3,99,,3,10,10,0.054347826,29,9,3,23:46,2,1
21-May-17,Intensity,C,3,99,,3,50,15,0.081521739,30,10,3,23:46,2,1
21-May-17,Intensity,C,3,99,,3,180,14,0.076086957,31,11,3,23:46,2,1
21-May-17,Intensity,D,4,126,4,3,180,25,0.138888889,1,1,1,0:57,3,1
21-May-17,Intensity,D,4,126,4,3,10,12,0.066666667,2,2,1,0:57,3,1
21-May-17,Intensity,D,4,126,4,3,70,20,0.111111111,3,3,1,0:57,3,1
21-May-17,Intensity,D,4,126,4,3,50,21,0.116666667,4,4,1,0:57,3,1
21-May-17,Intensity,D,4,126,4,3,30,18,0.1,5,5,1,0:57,3,1
21-May-17,Intensity,D,4,126,4,3,5,7,0.038888889,6,6,1,0:57,3,1
21-May-17,Intensity,D,4,126,4,3,120,22,0.122222222,7,7,1,0:57,3,1
21-May-17,Intensity,D,4,126,4,3,90,22,0.122222222,8,8,1,0:57,3,1
21-May-17,Intensity,D,4,126,4,3,20,11,0.061111111,9,9,1,0:57,3,1
21-May-17,Intensity,D,4,126,4,3,255,22,0.122222222,10,10,1,0:57,3,1
21-May-17,Intensity,D,4,126,4,3,10,11,0.065868263,11,1,2,0:57,3,1
21-May-17,Intensity,D,4,126,4,3,180,21,0.125748503,12,2,2,0:57,3,1
21-May-17,Intensity,D,4,126,4,3,5,6,0.035928144,13,3,2,0:57,3,1
21-May-17,Intensity,D,4,126,4,3,70,25,0.149700599,14,4,2,0:57,3,1
21-May-17,Intensity,D,4,126,4,3,20,15,0.089820359,15,5,2,0:57,3,1
21-May-17,Intensity,D,4,126,4,3,120,2,0.011976048,16,6,2,0:57,3,1
21-May-17,Intensity,D,4,126,4,3,255,24,0.143712575,17,7,2,0:57,3,1
21-May-17,Intensity,D,4,126,4,3,50,17,0.101796407,18,8,2,0:57,3,1
21-May-17,Intensity,D,4,126,4,3,30,19,0.113772455,19,9,2,0:57,3,1
21-May-17,Intensity,D,4,126,4,3,90,27,0.161676647,20,10,2,0:57,3,1
21-May-17,Intensity,D,4,126,4,3,255,19,0.123376623,21,1,3,0:57,3,1
21-May-17,Intensity,D,4,126,4,3,180,19,0.123376623,22,2,3,0:57,3,1
21-May-17,Intensity,D,4,126,4,3,70,17,0.11038961,23,3,3,0:57,3,1
21-May-17,Intensity,D,4,126,4,3,120,20,0.12987013,24,4,3,0:57,3,1
21-May-17,Intensity,D,4,126,4,3,30,18,0.116883117,25,5,3,0:57,3,1
21-May-17,Intensity,D,4,126,4,3,5,6,0.038961039,26,6,3,0:57,3,1
21-May-17,Intensity,D,4,126,4,3,50,26,0.168831169,27,7,3,0:57,3,1
21-May-17,Intensity,D,4,126,4,3,20,11,0.071428571,28,8,3,0:57,3,1
21-May-17,Intensity,D,4,126,4,3,90,8,0.051948052,29,9,3,0:57,3,1
21-May-17,Intensity,D,4,126,4,3,10,10,0.064935065,30,10,3,0:57,3,1
19-May-17,Intensity,A,0,,0,3,10,3,0.0375,1,1,1,0:00,0,1
19-May-17,Intensity,A,0,,0,3,60,12,0.15,2,2,1,0:00,0,1
19-May-17,Intensity,A,0,,0,3,255,17,0.2125,3,3,1,0:00,0,1
19-May-17,Intensity,A,0,,0,3,20,10,0.125,4,4,1,0:00,0,1
19-May-17,Intensity,A,0,,0,3,90,8,0.1,5,5,1,0:00,0,1
19-May-17,Intensity,A,0,,0,3,120,11,0.1375,6,6,1,0:00,0,1
19-May-17,Intensity,A,0,,0,3,30,16,0.2,7,7,1,0:00,0,1
19-May-17,Intensity,A,0,,0,3,5,3,0.0375,8,8,1,0:00,0,1
19-May-17,Intensity,A,0,,0,3,30,17,0.177083333,9,1,1,0:00,0,1
19-May-17,Intensity,A,0,,0,3,5,2,0.020833333,10,2,1,0:00,0,1
19-May-17,Intensity,A,0,,0,3,10,7,0.072916667,11,3,2,0:00,0,1
19-May-17,Intensity,A,0,,0,3,120,19,0.197916667,12,4,2,0:00,0,1
19-May-17,Intensity,A,0,,0,3,20,18,0.1875,13,5,2,0:00,0,1
19-May-17,Intensity,A,0,,0,3,60,14,0.145833333,14,6,2,0:00,0,1
19-May-17,Intensity,A,0,,0,3,255,19,0.197916667,15,7,2,0:00,0,1
19-May-17,Intensity,A,0,,0,3,20,8,0.133333333,16,1,2,0:00,0,1
19-May-17,Intensity,A,0,,0,3,90,22,0.366666667,17,2,2,0:00,0,1
19-May-17,Intensity,A,0,,0,3,120,17,0.283333333,18,3,2,0:00,0,1
19-May-17,Intensity,A,0,,0,3,30,13,0.216666667,19,4,2,0:00,0,1
19-May-17,Intensity,A,0,,0,3,5,0,0,20,5,2,0:00,0,1
19-May-17,Intensity,A,0,,0,3,30,18,0.233766234,21,1,3,0:00,0,1
19-May-17,Intensity,A,0,,0,3,5,2,0.025974026,22,2,3,0:00,0,1
19-May-17,Intensity,A,0,,0,3,10,8,0.103896104,23,3,3,0:00,0,1
19-May-17,Intensity,A,0,,0,3,120,10,0.12987013,24,4,3,0:00,0,1
19-May-17,Intensity,A,0,,0,3,20,6,0.077922078,25,5,3,0:00,0,1
19-May-17,Intensity,A,0,,0,3,10,1,0.012987013,26,6,3,0:00,0,1
19-May-17,Intensity,A,0,,0,3,60,11,0.142857143,27,7,3,0:00,0,1
19-May-17,Intensity,A,0,,0,3,255,21,0.272727273,28,8,3,0:00,0,1
22-May-17,Intensity,B,1,60,1,3,180,28,0.147368421,1,1,1,22:46,1,1
22-May-17,Intensity,B,1,60,1,3,10,21,0.110526316,2,2,1,22:46,1,1
22-May-17,Intensity,B,1,60,1,3,70,26,0.136842105,3,3,1,22:46,1,1
22-May-17,Intensity,B,1,60,1,3,50,10,0.052631579,4,4,1,22:46,1,1
22-May-17,Intensity,B,1,60,1,3,30,5,0.026315789,5,5,1,22:46,1,1
22-May-17,Intensity,B,1,60,1,3,5,18,0.094736842,6,6,1,22:46,1,1
22-May-17,Intensity,B,1,60,1,3,120,25,0.131578947,7,7,1,22:46,1,1
22-May-17,Intensity,B,1,60,1,3,90,23,0.121052632,8,8,1,22:46,1,1
22-May-17,Intensity,B,1,60,1,3,20,20,0.105263158,9,9,1,22:46,1,1
22-May-17,Intensity,B,1,60,1,3,255,14,0.073684211,10,10,1,22:46,1,1
22-May-17,Intensity,B,1,60,1,3,10,15,0.088235294,11,1,2,22:46,1,1
22-May-17,Intensity,B,1,60,1,3,180,19,0.111764706,12,2,2,22:46,1,1
22-May-17,Intensity,B,1,60,1,3,5,22,0.129411765,13,3,2,22:46,1,1
22-May-17,Intensity,B,1,60,1,3,70,21,0.123529412,14,4,2,22:46,1,1
22-May-17,Intensity,B,1,60,1,3,20,5,0.029411765,15,5,2,22:46,1,1
22-May-17,Intensity,B,1,60,1,3,120,20,0.117647059,16,6,2,22:46,1,1
22-May-17,Intensity,B,1,60,1,3,255,20,0.117647059,17,7,2,22:46,1,1
22-May-17,Intensity,B,1,60,1,3,50,9,0.052941176,18,8,2,22:46,1,1
22-May-17,Intensity,B,1,60,1,3,30,21,0.123529412,19,9,2,22:46,1,1
22-May-17,Intensity,B,1,60,1,3,90,18,0.105882353,20,10,2,22:46,1,1
22-May-17,Intensity,B,1,60,1,3,255,16,0.100628931,21,1,3,22:46,1,1
22-May-17,Intensity,B,1,60,1,3,180,13,0.081761006,22,2,3,22:46,1,1
22-May-17,Intensity,B,1,60,1,3,70,3,0.018867925,23,3,3,22:46,1,1
22-May-17,Intensity,B,1,60,1,3,120,22,0.13836478,24,4,3,22:46,1,1
22-May-17,Intensity,B,1,60,1,3,30,24,0.150943396,25,5,3,22:46,1,1
22-May-17,Intensity,B,1,60,1,3,5,24,0.150943396,26,6,3,22:46,1,1
22-May-17,Intensity,B,1,60,1,3,50,4,0.025157233,27,7,3,22:46,1,1
22-May-17,Intensity,B,1,60,1,3,20,12,0.075471698,28,8,3,22:46,1,1
22-May-17,Intensity,B,1,60,1,3,90,21,0.132075472,29,9,3,22:46,1,1
22-May-17,Intensity,B,1,60,1,3,10,20,0.125786164,30,10,3,22:46,1,1
22-May-17,Intensity,C,2,100,2,3,180,30,0.149253731,1,1,1,23:43,1,1
22-May-17,Intensity,C,2,100,2,3,120,26,0.129353234,2,2,1,23:43,1,1
22-May-17,Intensity,C,2,100,2,3,70,12,0.059701493,3,3,1,23:43,1,1
22-May-17,Intensity,C,2,100,2,3,10,7,0.034825871,4,4,1,23:43,1,1
22-May-17,Intensity,C,2,100,2,3,5,7,0.034825871,5,5,1,23:43,1,1
22-May-17,Intensity,C,2,100,2,3,20,23,0.114427861,6,6,1,23:43,1,1
22-May-17,Intensity,C,2,100,2,3,255,27,0.134328358,7,7,1,23:43,1,1
22-May-17,Intensity,C,2,100,2,3,50,25,0.124378109,8,8,1,23:43,1,1
22-May-17,Intensity,C,2,100,2,3,30,24,0.119402985,9,9,1,23:43,1,1
22-May-17,Intensity,C,2,100,2,3,90,20,0.099502488,10,10,1,23:43,1,1
22-May-17,Intensity,C,2,100,2,3,20,22,0.097777778,11,1,2,23:43,1,1
22-May-17,Intensity,C,2,100,2,3,180,28,0.124444444,12,2,2,23:43,1,1
22-May-17,Intensity,C,2,100,2,3,120,25,0.111111111,13,3,2,23:43,1,1
22-May-17,Intensity,C,2,100,2,3,90,32,0.142222222,14,4,2,23:43,1,1
22-May-17,Intensity,C,2,100,2,3,5,9,0.04,15,5,2,23:43,1,1
22-May-17,Intensity,C,2,100,2,3,30,18,0.08,16,6,2,23:43,1,1
22-May-17,Intensity,C,2,100,2,3,70,28,0.124444444,17,7,2,23:43,1,1
22-May-17,Intensity,C,2,100,2,3,10,21,0.093333333,18,8,2,23:43,1,1
22-May-17,Intensity,C,2,100,2,3,50,26,0.115555556,19,9,2,23:43,1,1
22-May-17,Intensity,C,2,100,2,3,255,16,0.071111111,20,10,2,23:43,1,1
22-May-17,Intensity,C,2,100,2,3,30,14,0.090909091,21,1,3,23:43,1,1
22-May-17,Intensity,C,2,100,2,3,20,15,0.097402597,22,2,3,23:43,1,1
22-May-17,Intensity,C,2,100,2,3,5,8,0.051948052,23,3,3,23:43,1,1
22-May-17,Intensity,C,2,100,2,3,90,18,0.116883117,24,4,3,23:43,1,1
22-May-17,Intensity,C,2,100,2,3,255,21,0.136363636,25,5,3,23:43,1,1
22-May-17,Intensity,C,2,100,2,3,180,15,0.097402597,26,6,3,23:43,1,1
22-May-17,Intensity,C,2,100,2,3,10,10,0.064935065,27,7,3,23:43,1,1
22-May-17,Intensity,C,2,100,2,3,50,17,0.11038961,28,8,3,23:43,1,1
22-May-17,Intensity,C,2,100,2,3,120,17,0.11038961,29,9,3,23:43,1,1
22-May-17,Intensity,C,2,100,2,3,70,19,0.123376623,30,10,3,23:43,1,1
22-May-17,Intensity,A,3,114,3,3,180,26,0.165605096,1,1,1,0:44,3,1
22-May-17,Intensity,A,3,114,3,3,120,11,0.070063694,2,2,1,0:44,3,1
22-May-17,Intensity,A,3,114,3,3,70,17,0.108280255,3,3,1,0:44,3,1
22-May-17,Intensity,A,3,114,3,3,10,14,0.089171975,4,4,1,0:44,3,1
22-May-17,Intensity,A,3,114,3,3,5,15,0.095541401,5,5,1,0:44,3,1
22-May-17,Intensity,A,3,114,3,3,20,10,0.063694268,6,6,1,0:44,3,1
22-May-17,Intensity,A,3,114,3,3,255,14,0.089171975,7,7,1,0:44,3,1
22-May-17,Intensity,A,3,114,3,3,50,19,0.121019108,8,8,1,0:44,3,1
22-May-17,Intensity,A,3,114,3,3,30,10,0.063694268,9,9,1,0:44,3,1
22-May-17,Intensity,A,3,114,3,3,90,21,0.133757962,10,10,1,0:44,3,1
22-May-17,Intensity,A,3,114,3,3,20,11,0.070967742,11,1,2,0:44,3,1
22-May-17,Intensity,A,3,114,3,3,180,23,0.148387097,12,2,2,0:44,3,1
22-May-17,Intensity,A,3,114,3,3,120,8,0.051612903,13,3,2,0:44,3,1
22-May-17,Intensity,A,3,114,3,3,90,16,0.103225806,14,4,2,0:44,3,1
22-May-17,Intensity,A,3,114,3,3,5,13,0.083870968,15,5,2,0:44,3,1
22-May-17,Intensity,A,3,114,3,3,30,14,0.090322581,16,6,2,0:44,3,1
22-May-17,Intensity,A,3,114,3,3,70,17,0.109677419,17,7,2,0:44,3,1
22-May-17,Intensity,A,3,114,3,3,10,21,0.135483871,18,8,2,0:44,3,1
22-May-17,Intensity,A,3,114,3,3,50,14,0.090322581,19,9,2,0:44,3,1
22-May-17,Intensity,A,3,114,3,3,255,18,0.116129032,20,10,2,0:44,3,1
22-May-17,Intensity,A,3,114,3,3,30,19,0.146153846,21,1,3,0:44,3,1
22-May-17,Intensity,A,3,114,3,3,20,13,0.1,22,2,3,0:44,3,1
22-May-17,Intensity,A,3,114,3,3,5,11,0.084615385,23,3,3,0:44,3,1
22-May-17,Intensity,A,3,114,3,3,90,13,0.1,24,4,3,0:44,3,1
22-May-17,Intensity,A,3,114,3,3,255,19,0.146153846,25,5,3,0:44,3,1
22-May-17,Intensity,A,3,114,3,3,180,7,0.053846154,26,6,3,0:44,3,1
22-May-17,Intensity,A,3,114,3,3,10,15,0.115384615,27,7,3,0:44,3,1
22-May-17,Intensity,A,3,114,3,3,50,11,0.084615385,28,8,3,0:44,3,1
22-May-17,Intensity,A,3,114,3,3,120,16,0.123076923,29,9,3,0:44,3,1
22-May-17,Intensity,A,3,114,3,3,70,6,0.046153846,30,10,3,0:44,3,1
22-May-17,Intensity,D,4,,,3,180,12,0.086330935,1,1,1,1:35,3,1
22-May-17,Intensity,D,4,,,3,10,11,0.079136691,2,2,1,1:35,3,1
22-May-17,Intensity,D,4,,,3,70,16,0.115107914,3,3,1,1:35,3,1
22-May-17,Intensity,D,4,,,3,50,12,0.086330935,4,4,1,1:35,3,1
22-May-17,Intensity,D,4,,,3,30,15,0.107913669,5,5,1,1:35,3,1
22-May-17,Intensity,D,4,,,3,5,5,0.035971223,6,6,1,1:35,3,1
22-May-17,Intensity,D,4,,,3,120,19,0.136690647,7,7,1,1:35,3,1
22-May-17,Intensity,D,4,,,3,90,19,0.136690647,8,8,1,1:35,3,1
22-May-17,Intensity,D,4,,,3,20,13,0.09352518,9,9,1,1:35,3,1
22-May-17,Intensity,D,4,,,3,255,17,0.122302158,10,10,1,1:35,3,1
22-May-17,Intensity,D,4,,,3,10,16,0.124031008,11,1,2,1:35,3,1
22-May-17,Intensity,D,4,,,3,180,12,0.093023256,12,2,2,1:35,3,1
22-May-17,Intensity,D,4,,,3,5,3,0.023255814,13,3,2,1:35,3,1
22-May-17,Intensity,D,4,,,3,70,11,0.085271318,14,4,2,1:35,3,1
22-May-17,Intensity,D,4,,,3,20,13,0.100775194,15,5,2,1:35,3,1
22-May-17,Intensity,D,4,,,3,120,13,0.100775194,16,6,2,1:35,3,1
22-May-17,Intensity,D,4,,,3,255,10,0.07751938,17,7,2,1:35,3,1
22-May-17,Intensity,D,4,,,3,50,21,0.162790698,18,8,2,1:35,3,1
22-May-17,Intensity,D,4,,,3,30,18,0.139534884,19,9,2,1:35,3,1
22-May-17,Intensity,D,4,,,3,90,12,0.093023256,20,10,2,1:35,3,1
22-May-17,Intensity,D,4,,,3,255,21,0.128834356,21,1,3,1:35,3,1
22-May-17,Intensity,D,4,,,3,180,22,0.134969325,22,2,3,1:35,3,1
22-May-17,Intensity,D,4,,,3,70,23,0.141104294,23,3,3,1:35,3,1
22-May-17,Intensity,D,4,,,3,120,18,0.110429448,24,4,3,1:35,3,1
22-May-17,Intensity,D,4,,,3,30,16,0.098159509,25,5,3,1:35,3,1
22-May-17,Intensity,D,4,,,3,5,8,0.049079755,26,6,3,1:35,3,1
22-May-17,Intensity,D,4,,,3,50,19,0.116564417,27,7,3,1:35,3,1
22-May-17,Intensity,D,4,,,3,20,12,0.073619632,28,8,3,1:35,3,1
22-May-17,Intensity,D,4,,,3,90,11,0.067484663,29,9,3,1:35,3,1
22-May-17,Intensity,D,4,,,3,10,13,0.079754601,30,10,3,1:35,3,1