time,x_pos,y_pos,frame,num_pulse,stim_duration,tank,date,order,stim_start,stim_end
915.0474667,-0.030492752,3.092830646,27423,4,3,A,5/19/17,1,27343,27433
916.3821333,-14.01565372,2.369460251,27463,1,3,A,5/19/17,1,27343,27433
916.4488667,-17.63250569,3.333954111,27465,2,3,A,5/19/17,1,27343,27433
916.4822333,-25.95126523,2.188617653,27466,1,3,A,5/19/17,1,27343,27433
916.7158,-16.90913529,8.879793803,27473,3,3,A,5/19/17,1,27343,27433
916.7491667,-15.40211364,-0.041774398,27474,2,3,A,5/19/17,1,27343,27433
916.7825333,-1.296390943,2.490021984,27475,1,3,A,5/19/17,1,27343,27433
917.5166,-8.288971424,4.29844797,27497,1,3,A,5/19/17,1,27343,27433
954.3200333,-10.63992521,32.50989336,28600,1,1,A,5/19/17,1,29232,29262
977.0093667,-9.132903552,30.58090564,29280,3,1,A,5/19/17,1,29232,29262
977.6767,-26.37323129,10.02513026,29300,2,1,A,5/19/17,1,29232,29262
978.2439333,-30.29148759,3.936762773,29317,3,1,A,5/19/17,1,29232,29262
978.4441333,-6.359983705,23.10607823,29323,3,1,A,5/19/17,1,29232,29262
1008.874533,-27.81997208,22.32242697,30235,3,1,A,5/19/17,1,29232,29262
1009.942267,-26.67463562,29.61641178,30267,3,1,A,5/19/17,1,29232,29262
7.741066667,-29.84961409,8.85849348,231,1,0.5,A,5/19/17,1,183,198
8.074733333,-29.64790266,9.598102043,241,2,0.5,A,5/19/17,1,183,198
8.1081,-21.64668274,5.42939923,242,3,0.5,A,5/19/17,1,183,198
12.94626667,-20.50365133,3.143336396,387,1,0.5,A,5/19/17,1,183,198
50.71733333,-31.9339655,0.319376425,1519,2,0.5,A,5/19/17,1,183,198
69.93653333,-9.812945724,9.329153475,2095,1,7,A,5/19/17,1,1997,2208
73.50676667,-15.05744281,10.27047347,2202,1,7,A,5/19/17,1,1997,2208
73.74033333,-12.83861712,1.3951707,2209,1,7,A,5/19/17,1,1997,2208
74.24083333,-4.635685778,6.303482078,2224,1,7,A,5/19/17,1,1997,2208
74.2742,-2.013437234,0.857273563,2225,3,7,A,5/19/17,1,1997,2208
74.30756667,-13.17480283,5.294924945,2226,1,7,A,5/19/17,1,1997,2208
74.70796667,-10.95597714,3.008862112,2238,1,7,A,5/19/17,1,1997,2208
74.74133333,-9.140574303,4.084656386,2239,1,7,A,5/19/17,1,1997,2208
74.7747,-10.21636858,1.664119268,2240,1,7,A,5/19/17,1,1997,2208
74.80806667,-18.62101135,4.82426495,2241,3,7,A,5/19/17,1,1997,2208
74.84143333,-17.61245422,2.94162497,2242,1,7,A,5/19/17,1,1997,2208
74.8748,-17.54521707,0.857273563,2243,3,7,A,5/19/17,1,1997,2208
75.075,-5.509768626,4.689790666,2249,1,7,A,5/19/17,1,1997,2208
77.61086667,-15.05744281,10.40494775,2325,1,7,A,5/19/17,1,1997,2208
136.6031333,-11.6955857,2.202016406,4093,1,5,A,5/19/17,1,4007,4157
137.9378,-9.140574303,1.193459273,4133,1,5,A,5/19/17,1,4007,4157
139.0722667,-13.04032855,6.437956362,4167,5,5,A,5/19/17,1,4007,4157
139.1056333,-8.73715145,1.327933558,4168,1,5,A,5/19/17,1,4007,4157
139.2724667,-4.837397204,9.79981347,4173,1,5,A,5/19/17,1,4007,4157
139.3058333,-17.34350565,0.79003642,4174,1,5,A,5/19/17,1,4007,4157
139.3392,-6.988985754,5.900059225,4175,1,5,A,5/19/17,1,4007,4157
139.6061333,-5.106345773,6.706904931,4183,1,5,A,5/19/17,1,4007,4157
139.8063333,-9.476760014,5.76558494,4189,1,5,A,5/19/17,1,4007,4157
139.9064333,-16.20047423,11.88416488,4192,2,5,A,5/19/17,1,4007,4157
140.9408,-10.28360572,3.681233533,4223,1,5,A,5/19/17,1,4007,4157
203.1029,-7.459645749,9.732576328,6086,2,4,A,5/19/17,1,5956,6077
203.203,-16.20047423,3.210573538,6089,2,4,A,5/19/17,1,5956,6077
203.2697333,-17.88140278,7.782699205,6091,1,4,A,5/19/17,1,5956,6077
203.3031,-15.72981423,5.093213519,6091,1,4,A,5/19/17,1,5956,6077
203.3364667,-13.9144114,1.462407842,6091,1,4,A,5/19/17,1,5956,6077
203.3698333,-15.52810281,0.386613567,6093,2,4,A,5/19/17,1,5956,6077
203.4032,-20.43641419,3.950182102,6093,1,4,A,5/19/17,1,5956,6077
203.4365667,-18.08311421,4.757027808,6094,1,4,A,5/19/17,1,5956,6077
203.5033,-11.6955857,7.379276352,6094,2,4,A,5/19/17,1,5956,6077
203.6034,-12.90585426,2.672676401,6094,2,4,A,5/19/17,1,5956,6077
203.4699333,-12.36795713,5.025976377,6097,1,4,A,5/19/17,1,5956,6077
203.5366667,-10.48531715,7.715462063,6099,1,4,A,5/19/17,1,5956,6077
203.5700333,-7.863068602,3.345047823,6099,4,4,A,5/19/17,1,5956,6077
203.6367667,-3.828840072,4.286367813,6102,1,4,A,5/19/17,1,5956,6077
203.6701333,-14.92296853,6.639667788,6103,1,4,A,5/19/17,1,5956,6077
203.7035,-19.29338277,12.75824773,6104,6,4,A,5/19/17,1,5956,6077
203.8036,-8.535440023,2.807150685,6107,1,4,A,5/19/17,1,5956,6077
204.0705333,-10.08189429,5.900059225,6115,1,4,A,5/19/17,1,5956,6077
245.0114333,-22.72247702,11.01008203,7342,4,4,A,5/19/17,1,5956,6077
246.1125333,-11.6955857,31.3829361,7375,3,4,A,5/19/17,1,5956,6077
265.1649,-11.15768857,13.29614486,7946,1,2,A,5/19/17,1,7875,7936
265.5653,-3.15646865,17.59932196,7958,2,2,A,5/19/17,1,7875,7936
265.8322333,-27.89973697,20.49051907,7966,3,2,A,5/19/17,1,7875,7936
265.8656,-8.602677165,10.20323632,7967,2,2,A,5/19/17,1,7875,7936
265.9323333,-22.0501056,7.043090641,7969,1,2,A,5/19/17,1,7875,7936
265.9657,-18.08311421,19.54919908,7970,2,2,A,5/19/17,1,7875,7936
265.9990667,-13.30927712,20.42328193,7971,2,2,A,5/19/17,1,7875,7936
266.0658,-24.53787986,3.88294496,7973,2,2,A,5/19/17,1,7875,7936
266.0991667,-12.97309141,8.186122058,7974,1,2,A,5/19/17,1,7875,7936
266.1659,-14.92296853,12.69101058,7976,2,2,A,5/19/17,1,7875,7936
266.2993667,-14.45230853,0.386613567,7980,1,2,A,5/19/17,1,7875,7936
268.0344333,-16.87284565,15.1115477,8032,1,2,A,5/19/17,1,7875,7936
268.4014667,-5.980428621,16.3890534,8043,1,2,A,5/19/17,1,7875,7936
325.6586667,-28.50487125,25.39883045,9759,4,10,A,5/19/17,1,9735,10035
326.6930333,-23.05866273,1.933067837,9790,2,10,A,5/19/17,1,9735,10035
328.1611667,-11.22492571,11.61521631,9834,4,10,A,5/19/17,1,9735,10035
330.2966333,-11.34725034,10.13147352,9898,5,10,A,5/19/17,1,9735,10035
328.7284,-16.53665994,7.379276352,9851,1,10,A,5/19/17,1,9735,10035
331.0974333,-15.86428852,3.210573538,9922,1,10,A,5/19/17,1,9735,10035
333.2996333,-11.62834856,3.613996391,9988,1,10,A,5/19/17,1,9735,10035
333.9002333,-5.711480052,5.227687803,10006,2,10,A,5/19/17,1,9735,10035
335.4351,-9.812945724,2.807150685,10052,1,10,A,5/19/17,1,9735,10035
335.6019333,-9.476760014,4.891502092,10057,1,10,A,5/19/17,1,9735,10035
336.2359,-12.43519427,2.067542121,10076,1,10,A,5/19/17,1,9735,10035
337.2702667,-9.880182866,0.521087852,10107,1,10,A,5/19/17,1,9735,10035
396.0289667,-4.097788641,32.6604418,11868,6,12,A,5/19/17,1,11834,12196
398.1978,-22.8569513,18.27169338,11933,3,12,A,5/19/17,1,11834,12196
398.2311667,-15.93152566,9.261916333,11934,2,12,A,5/19/17,1,11834,12196
399.8661333,-12.02268191,5.606082015,11983,3,12,A,5/19/17,1,11834,12196
400.1664333,-14.79195134,13.64371768,11992,4,12,A,5/19/17,1,11834,12196
401.2675333,-12.09022507,1.080690509,12025,3,12,A,5/19/17,1,11834,12196
401.401,-8.983239856,1.215776823,12029,1,12,A,5/19/17,1,11834,12196
401.4343667,-6.14642727,0.878061039,12030,2,12,A,5/19/17,1,11834,12196
401.4677333,-7.362204092,0.810517882,12030,1,12,A,5/19/17,1,11834,12196
401.5011,-7.362204092,3.17452837,12030,2,12,A,5/19/17,1,11834,12196
401.5344667,-4.255218879,2.769269429,12030,2,12,A,5/19/17,1,11834,12196
401.5678333,-6.416599897,7.227117778,12030,1,12,A,5/19/17,1,11834,12196
401.6012,-6.14642727,0.945604195,12030,1,12,A,5/19/17,1,11834,12196
401.6345667,-11.4147935,1.013147352,12036,1,12,A,5/19/17,1,11834,12196
401.7680333,-9.658671424,5.538538858,12040,3,12,A,5/19/17,1,11834,12196
401.8347667,-14.8594945,6.078884113,12042,1,12,A,5/19/17,1,11834,12196
403.0026,-4.728020977,0.472802098,12077,1,12,A,5/19/17,1,11834,12196
455.0879667,-26.7470901,3.714873624,13638,3,12,A,5/19/17,1,11834,12196
455.7886667,-32.35317211,26.81463325,13659,5,12,A,5/19/17,1,11834,12196
456.5894667,-1.080690509,27.15234904,13683,3,12,A,5/19/17,1,11834,12196
456.6562,-9.658671424,29.718989,13685,2,12,A,5/19/17,1,11834,12196
456.7563,-30.7996795,9.658671424,13688,4,12,A,5/19/17,1,11834,12196
456.8230333,-20.26294704,6.821858838,13690,3,12,A,5/19/17,1,11834,12196
457.7239333,-16.54807342,25.12605433,13717,4,12,A,5/19/17,1,11834,12196
457.7906667,-12.96828611,4.86310729,13719,2,12,A,5/19/17,1,11834,12196
457.8574,-27.42252166,19.04717022,13721,4,12,A,5/19/17,1,11834,12196
458.1577,-24.85588171,15.19721028,13730,3,12,A,5/19/17,1,11834,12196
458.2911667,-5.876254642,18.91208391,13734,4,12,A,5/19/17,1,11834,12196
458.3245333,-25.53131327,14.58932187,13735,1,12,A,5/19/17,1,11834,12196
458.3579,-27.15234904,8.983239856,13736,2,12,A,5/19/17,1,11834,12196
458.3912667,-28.50321217,34.10929419,13737,1,12,A,5/19/17,1,11834,12196
459.0586,-19.11471338,12.29285454,13757,6,12,A,5/19/17,1,11834,12196
459.1253333,-11.07707772,26.54446063,13759,3,12,A,5/19/17,1,11834,12196
459.1920667,-6.619229367,12.49548401,13761,2,12,A,5/19/17,1,11834,12196
459.2254333,-4.86310729,12.3603977,13762,1,12,A,5/19/17,1,11834,12196
459.3589,-17.29104814,17.76385024,13766,3,12,A,5/19/17,1,11834,12196
459.5924667,-12.02268191,16.21035763,13773,2,12,A,5/19/17,1,11834,12196
460.1597,-18.16910918,13.4410882,13790,3,12,A,5/19/17,1,11834,12196
460.3599,-15.73755554,5.808711486,13796,1,12,A,5/19/17,1,11834,12196
461.1607,-27.42252166,29.92161847,13820,1,8,A,5/19/17,1,13814,14055
461.3275333,-19.79014494,23.91027751,13825,6,8,A,5/19/17,1,13814,14055
461.6612,-27.01726272,16.68315973,13835,3,8,A,5/19/17,1,13814,14055
461.7613,-6.416599897,14.79195134,13838,1,8,A,5/19/17,1,13814,14055
463.3295333,-26.00411537,26.20674484,13885,1,8,A,5/19/17,1,13814,14055
469.7025667,-14.52177871,6.821858838,14076,1,8,A,5/19/17,1,13814,14055
469.7359333,-10.73936193,1.823665234,14077,1,8,A,5/19/17,1,13814,14055
469.7693,-11.54987981,11.54987981,14078,1,8,A,5/19/17,1,13814,14055
469.8026667,-8.307808287,6.55168621,14079,1,8,A,5/19/17,1,13814,14055
470.0028667,-9.050783012,10.80690509,14085,1,8,A,5/19/17,1,13814,14055
471.1373333,-21.81643965,4.728020977,14119,1,8,A,5/19/17,1,13814,14055
471.1707,-18.43928181,4.120132565,14120,1,8,A,5/19/17,1,13814,14055
471.3375333,-3.782416781,0.540345254,14125,1,8,A,5/19/17,1,13814,14055
520.1196,-19.24979969,1.823665234,15587,1,8,A,5/19/17,1,13814,14055
531.5643667,-6.889401994,26.00411537,15930,3,2,A,5/19/17,2,15853,15914
531.7645667,-12.02268191,26.34183116,15936,3,2,A,5/19/17,2,15853,15914
531.7979333,-17.56122077,22.76204384,15937,5,2,A,5/19/17,2,15853,15914
532.1316,-15.12966713,2.836812586,15947,1,2,A,5/19/17,2,15853,15914
532.1649667,-26.40937431,4.525391506,15948,4,2,A,5/19/17,2,15853,15914
532.1983333,-2.566639959,16.14281448,15949,1,2,A,5/19/17,2,15853,15914
532.2650667,-29.51635953,17.22350499,15951,8,2,A,5/19/17,2,15853,15914
532.2984333,-8.510437758,13.03582926,15952,1,2,A,5/19/17,2,15853,15914
532.3985333,-5.403452545,16.61561657,15955,4,2,A,5/19/17,2,15853,15914
532.5653667,-24.99096802,7.497290406,15960,3,2,A,5/19/17,2,15853,15914
532.8656667,-19.79014494,14.31914924,15969,2,2,A,5/19/17,2,15853,15914
533.1659667,-25.12605433,12.02268191,15978,5,2,A,5/19/17,2,15853,15914
533.2994333,-9.72621458,18.77699759,15982,1,2,A,5/19/17,2,15853,15914
592.592,-18.64191128,2.634183116,17759,1,6,A,5/19/17,2,17713,17893
592.8923,-32.82597421,9.253412483,17768,5,6,A,5/19/17,2,17713,17893
593.3928,-19.45242916,10.60427562,17783,3,6,A,5/19/17,2,17713,17893
595.6617333,-29.38127321,16.8857892,17851,6,6,A,5/19/17,2,17713,17893
595.7284667,-18.23665234,7.83500619,17853,2,6,A,5/19/17,2,17713,17893
595.8619333,-12.90074295,6.011340956,17857,1,6,A,5/19/17,2,17713,17893
596.4625333,-10.19901668,1.621035763,17875,1,6,A,5/19/17,2,17713,17893
596.5626333,-11.75250928,4.322762036,17878,4,6,A,5/19/17,2,17713,17893
597.3968,-6.14642727,10.13147352,17903,1,6,A,5/19/17,2,17713,17893
597.8973,-17.02087552,2.296467331,17918,1,6,A,5/19/17,2,17713,17893
597.9306667,-11.48233666,11.75250928,17919,1,6,A,5/19/17,2,17713,17893
598.0641333,-15.39983975,6.011340956,17923,1,6,A,5/19/17,2,17713,17893
598.3310667,-13.23845873,9.118326169,17931,4,6,A,5/19/17,2,17713,17893
598.598,-4.255218879,5.538538858,17939,1,6,A,5/19/17,2,17713,17893
598.6313667,-1.418406293,2.364010488,17940,1,6,A,5/19/17,2,17713,17893
598.6647333,-7.429747249,1.283319979,17941,1,6,A,5/19/17,2,17713,17893
656.0554,-29.04355743,11.07707772,19661,1,8,A,5/19/17,2,19692,19932
662.5285333,-12.02268191,14.18406293,19855,1,8,A,5/19/17,2,19692,19932
663.4628,-13.10337242,2.364010488,19883,1,8,A,5/19/17,2,19692,19932
665.5315333,-11.8875956,1.080690509,19945,2,8,A,5/19/17,2,19692,19932
665.5649,-17.08841867,2.566639959,19945,1,8,A,5/19/17,2,19692,19932
665.665,-14.58932187,4.998193604,19949,2,8,A,5/19/17,2,19692,19932
666.1988667,-5.606082015,1.215776823,19965,1,8,A,5/19/17,2,19692,19932
666.2322333,-4.457848349,4.998193604,19966,1,8,A,5/19/17,2,19692,19932
666.2989667,-3.17452837,7.294660935,19968,1,8,A,5/19/17,2,19692,19932
667.2999667,-12.49548401,8.577980915,19998,1,8,A,5/19/17,2,19692,19932
667.9673,-10.33410299,2.093837861,20018,1,8,A,5/19/17,2,19692,19932
702.4350667,-4.899411737,29.44227313,21051,2,8,A,5/19/17,2,19692,19932
707.6736333,-5.42983659,26.25972401,21208,1,8,A,5/19/17,2,19692,19932
709.3086,-5.960261444,25.1988743,21257,1,8,A,5/19/17,2,19692,19932
726.9929333,-27.02570562,20.65237556,21787,1,1,A,5/19/17,2,21731,21762
728.7947333,-26.11640587,17.46982644,21841,1,1,A,5/19/17,2,21731,21762
731.1304,-13.23465943,21.48590033,21911,2,1,A,5/19/17,2,21731,21762
790.0225667,-22.10033198,19.43997589,23676,3,4,A,5/19/17,2,23561,23681
790.4563333,-5.960261444,17.01517656,23689,5,4,A,5/19/17,2,23561,23681
790.4897,-19.97863257,0.723556067,23689,1,4,A,5/19/17,2,23561,23681
790.5564333,-16.49298353,6.634004433,23692,2,4,A,5/19/17,2,23561,23681
790.5898,-17.47805826,1.253980921,23693,1,4,A,5/19/17,2,23561,23681
790.6231667,-16.18988361,4.209205103,23693,1,4,A,5/19/17,2,23561,23681
790.6565333,-21.72145708,10.65007832,23695,1,4,A,5/19/17,2,23561,23681
790.6899,-20.2059575,5.952029621,23696,3,4,A,5/19/17,2,23561,23681
790.7232667,-18.99355784,2.996805439,23696,1,4,A,5/19/17,2,23561,23681
790.7566333,-15.8867837,0.420456151,23697,2,4,A,5/19/17,2,23561,23681
790.79,-21.49413215,5.194279831,23699,1,4,A,5/19/17,2,23561,23681
790.8233667,-20.05440755,10.19542845,23700,1,4,A,5/19/17,2,23561,23681
790.8567333,-2.171512491,2.163280669,23700,1,4,A,5/19/17,2,23561,23681
790.8901,-9.749010396,5.497379747,23701,2,4,A,5/19/17,2,23561,23681
790.9234667,-8.688160689,12.62022778,23701,1,4,A,5/19/17,2,23561,23681
790.9568333,-24.9040062,10.95317824,23703,1,4,A,5/19/17,2,23561,23681
790.9902,-10.58253517,4.209205103,23703,1,4,A,5/19/17,2,23561,23681
791.1236667,-4.065886967,11.55937807,23709,1,4,A,5/19/17,2,23561,23681
791.4573333,-9.824785375,16.10587681,23719,4,4,A,5/19/17,2,23561,23681
791.4907,-16.41720855,14.28727732,23720,2,4,A,5/19/17,2,23561,23681
791.5574333,-14.59860905,6.86132937,23722,1,4,A,5/19/17,2,23561,23681
791.9912,-19.90285759,8.679928867,23735,1,4,A,5/19/17,2,23561,23681
792.1914,-23.54005658,9.134578741,23741,2,4,A,5/19/17,2,23561,23681
792.3916,-7.85463592,2.693705522,23747,3,4,A,5/19/17,2,23561,23681
792.792,-5.050961695,11.25627815,23759,1,4,A,5/19/17,2,23561,23681
792.8587333,-16.49298353,12.46867782,23761,1,4,A,5/19/17,2,23561,23681
794.2267667,-7.172661108,14.05995238,23802,2,4,A,5/19/17,2,23561,23681
855.1209333,-12.2495847,13.45375255,25627,1,5,A,5/19/17,2,25480,25631
855.4546,-14.29550914,7.770629118,25637,1,5,A,5/19/17,2,25480,25631
855.6214333,-13.84085926,1.253980921,25642,2,5,A,5/19/17,2,25480,25631
855.6548,-13.53775935,3.830330208,25643,1,5,A,5/19/17,2,25480,25631
855.6881667,-10.50676019,8.376828951,25643,5,5,A,5/19/17,2,25480,25631
855.7215333,-15.73523374,7.467529202,25643,1,5,A,5/19/17,2,25480,25631
855.7549,-2.701937345,5.573154726,25643,1,5,A,5/19/17,2,25480,25631
855.7882667,-15.05325893,6.0278046,25643,2,5,A,5/19/17,2,25480,25631
855.8216333,-20.13018252,10.7258533,25648,1,5,A,5/19/17,2,25480,25631
855.855,-7.778860941,0.723556067,25648,2,5,A,5/19/17,2,25480,25631
855.8883667,-6.26336136,5.648929705,25648,3,5,A,5/19/17,2,25480,25631
855.9884667,-6.414911318,14.43882727,25648,1,5,A,5/19/17,2,25480,25631
855.9217333,-9.824785375,5.042729873,25649,3,5,A,5/19/17,2,25480,25631
856.1886667,-8.991260605,9.21035372,25649,1,5,A,5/19/17,2,25480,25631
856.2220333,-12.09803475,1.632855816,25649,3,5,A,5/19/17,2,25480,25631
856.0218333,-13.76508429,11.1047282,25650,2,5,A,5/19/17,2,25480,25631
855.9551,-18.31158303,2.693705522,25651,1,5,A,5/19/17,2,25480,25631
856.1219333,-4.6720868,11.71092803,25651,1,5,A,5/19/17,2,25480,25631
856.1553,-14.67438403,3.830330208,25651,2,5,A,5/19/17,2,25480,25631
856.0552,-18.31158303,6.330904517,25651,2,5,A,5/19/17,2,25480,25631
856.0885667,-4.293211905,8.149504014,25654,3,5,A,5/19/17,2,25480,25631
856.4889667,-13.23465943,2.617930543,25668,1,5,A,5/19/17,2,25480,25631
856.5890667,-19.1451078,9.665003595,25671,2,5,A,5/19/17,2,25480,25631
862.6951667,-8.991260605,9.589228615,25854,1,5,A,5/19/17,2,25480,25631
917.0494667,-23.00963173,19.97040074,27483,1,10,A,5/19/17,2,27430,27730
918.8512667,-19.44820771,7.846404097,27537,1,10,A,5/19/17,2,27430,27730
919.0514667,-12.70423458,0.875106025,27543,1,10,A,5/19/17,2,27430,27730
920.1192,-14.0681842,6.0278046,27575,1,10,A,5/19/17,2,27430,27730
920.3194,-19.67553265,1.178205942,27581,2,10,A,5/19/17,2,27430,27730
921.7875333,-8.61238571,2.163280669,27625,1,10,A,5/19/17,2,27430,27730
922.3214,-7.627310983,1.935955732,27641,2,10,A,5/19/17,2,27430,27730
925.8916333,-7.703085962,2.996805439,27748,1,10,A,5/19/17,2,27430,27730
926.1252,-11.26450998,4.43653004,27755,1,10,A,5/19/17,2,27430,27730
926.1585667,-10.43098521,1.935955732,27756,1,10,A,5/19/17,2,27430,27730
926.1919333,-10.8098601,5.27005481,27757,1,10,A,5/19/17,2,27430,27730
926.6257,-16.34143357,3.906105187,27770,1,10,A,5/19/17,2,27430,27730
926.7258,-2.171512491,2.617930543,27773,1,10,A,5/19/17,2,27430,27730
934.5669667,-23.69160654,14.81770217,28008,2,10,A,5/19/17,2,27430,27730
24.25756667,-33.50814326,5.754217584,726,5,3,A,5/19/17,2,662,753
24.75806667,-19.86961635,0.673197754,741,2,3,A,5/19/17,2,662,753
24.8248,-23.47981465,16.85223458,743,1,3,A,5/19/17,2,662,753
25.35866667,-9.172732499,8.294727499,759,1,3,A,5/19/17,2,662,753
25.4254,-16.79426224,0.472631181,761,1,3,A,5/19/17,2,662,753
25.45876667,-14.52117443,5.954784156,762,3,3,A,5/19/17,2,662,753
25.49213333,-8.637888307,19.05846688,762,5,3,A,5/19/17,2,662,753
25.5255,-19.80276083,7.759883306,763,3,3,A,5/19/17,2,662,753
25.59223333,-21.20672683,4.21654053,766,2,3,A,5/19/17,2,662,753
25.65896667,-11.44582032,10.56781532,768,2,3,A,5/19/17,2,662,753
25.69233333,-8.905310403,13.71002495,769,2,3,A,5/19/17,2,662,753
25.7257,-4.827123434,21.53212127,769,4,3,A,5/19/17,2,662,753
25.75906667,-24.81692513,1.475464043,769,1,3,A,5/19/17,2,662,753
25.79243333,-15.18972967,2.946285572,769,4,3,A,5/19/17,2,662,753
25.8258,-16.92797329,10.56781532,773,3,3,A,5/19/17,2,662,753
25.9259,-13.58519709,12.57348104,776,1,3,A,5/19/17,2,662,753
25.99263333,-20.60502712,11.77121475,778,1,3,A,5/19/17,2,662,753
26.19283333,-16.32627358,1.27489747,784,2,3,A,5/19/17,2,662,753
26.29293333,-17.19539539,4.149685006,787,1,3,A,5/19/17,2,662,753
26.3263,-13.65205261,1.341752994,788,1,3,A,5/19/17,2,662,753
26.76006667,-12.84978632,16.71852353,801,2,3,A,5/19/17,2,662,753
27.19383333,-10.24242088,8.896427215,814,1,3,A,5/19/17,2,662,753
28.06136667,-22.47698179,3.481129765,840,4,3,A,5/19/17,2,662,753
48.61523333,-4.960834482,5.353084439,1456,2,3,A,5/19/17,2,662,753
91.8918,-2.888313236,31.96158302,2753,2,0.5,A,5/19/17,2,2551,2567
146.4129333,-30.23222258,30.35705044,4387,6,7,A,5/19/17,2,4366,4577
146.5130333,-11.64638689,32.89756036,4390,6,7,A,5/19/17,2,4366,4577
147.6808667,-15.05601862,29.28736206,4425,5,7,A,5/19/17,2,4366,4577
148.0145333,-30.96763335,12.30605894,4435,6,7,A,5/19/17,2,4366,4577
148.148,-26.62202428,23.53778699,4439,4,7,A,5/19/17,2,4366,4577
148.2814667,-9.84128774,25.07546404,4443,3,7,A,5/19/17,2,4366,4577
148.5817667,-32.70587698,5.419939963,4452,5,7,A,5/19/17,2,4366,4577
148.7486,-31.30191097,22.40124308,4457,4,7,A,5/19/17,2,4366,4577
148.8487,-21.13987131,10.50095979,4460,1,7,A,5/19/17,2,4366,4577
149.5160333,-11.91380899,0.272064609,4480,1,7,A,5/19/17,2,4366,4577
149.5494,-14.05318576,8.027305402,4481,4,7,A,5/19/17,2,4366,4577
149.7496,-19.33477216,8.896427215,4487,1,7,A,5/19/17,2,4366,4577
149.9831667,-16.3931291,24.07263118,4494,6,7,A,5/19/17,2,4366,4577
150.9508,-17.79709511,7.091328065,4523,1,7,A,5/19/17,2,4366,4577
151.6848667,-5.361967627,2.010308235,4545,2,7,A,5/19/17,2,4366,4577
152.2521,-24.54950304,18.99161135,4562,1,7,A,5/19/17,2,4366,4577
153.0862667,-4.091712669,10.76838189,4587,1,7,A,5/19/17,2,4366,4577
153.1196333,-8.972165927,2.678863476,4588,2,7,A,5/19/17,2,4366,4577
153.153,-10.17556536,20.32872183,4588,1,7,A,5/19/17,2,4366,4577
153.1863667,-10.17556536,1.542319567,4588,1,7,A,5/19/17,2,4366,4577
153.2197333,-13.31777499,4.350251578,4588,4,7,A,5/19/17,2,4366,4577
153.2531,-8.571032783,7.225039113,4592,1,7,A,5/19/17,2,4366,4577
153.3865667,-11.57953137,4.082829482,4596,1,7,A,5/19/17,2,4366,4577
153.6868667,-9.908143264,7.425605686,4605,2,7,A,5/19/17,2,4366,4577
153.9204333,-7.902477542,9.096993788,4612,1,7,A,5/19/17,2,4366,4577
154.0539,-3.155735332,6.823905969,4616,1,7,A,5/19/17,2,4366,4577
158.8587,-15.99199596,19.66016659,4760,2,7,A,5/19/17,2,4366,4577
167.5674,-32.64624525,32.1809173,5021,4,7,A,5/19/17,3,6375,6586
217.217,-7.033355729,14.64600229,6509,1,7,A,5/19/17,3,6375,6586
217.9177,-6.966500205,13.44260285,6530,2,7,A,5/19/17,3,6375,6586
218.7185,-2.086046947,2.545152428,6554,1,7,A,5/19/17,3,6375,6586
219.1522667,-12.24808661,7.82673883,6567,1,7,A,5/19/17,3,6375,6586
219.3191,-6.966500205,11.43693713,6572,1,7,A,5/19/17,3,6375,6586
220.0531667,-12.98349737,9.765549028,6594,1,7,A,5/19/17,3,6375,6586
220.1532667,-2.353469043,10.2335377,6597,1,7,A,5/19/17,3,6375,6586
220.2867333,-18.0645172,5.419939963,6601,5,7,A,5/19/17,3,6375,6586
220.3201,-14.85545205,8.829571691,6602,5,7,A,5/19/17,3,6375,6586
220.3534667,-19.13420559,10.56781532,6602,1,7,A,5/19/17,3,6375,6586
220.3868333,-9.440154596,10.63467084,6604,2,7,A,5/19/17,3,6375,6586
220.4202,-14.32060785,1.609175091,6605,1,7,A,5/19/17,3,6375,6586
220.4535667,-10.71040955,5.353084439,6601,1,7,A,5/19/17,3,6375,6586
220.4869333,-11.91380899,3.414274241,6607,2,7,A,5/19/17,3,6375,6586
220.5203,-12.84978632,1.341752994,6607,2,7,A,5/19/17,3,6375,6586
220.5536667,-17.93080615,9.096993788,6609,1,7,A,5/19/17,3,6375,6586
221.2877333,-9.974998788,1.609175091,6631,1,7,A,5/19/17,3,6375,6586
234.6344,-11.24525375,1.943452711,7031,3,7,A,5/19/17,3,6375,6586
235.3017333,-15.92514043,8.495294071,7051,2,7,A,5/19/17,3,6375,6586
238.7051333,-15.32344071,7.893594354,7153,1,7,A,5/19/17,3,6375,6586
281.7481333,-7.501344397,30.15648387,8443,1,0.5,A,5/19/17,3,8385,8400
282.1151667,-2.487180091,24.13948671,8454,2,0.5,A,5/19/17,3,8385,8400
330.1965333,-5.896811819,31.82787197,9895,3,0.5,A,5/19/17,3,8385,8400
343.7100333,-14.85545205,10.2335377,10300,1,6,A,5/19/17,3,10199,10380
345.5785667,-2.086046947,3.815407385,10356,1,6,A,5/19/17,3,10199,10380
346.6796667,-12.38179766,2.41144138,10389,1,6,A,5/19/17,3,10199,10380
346.7797667,-11.24525375,3.481129765,10392,1,6,A,5/19/17,3,10199,10380
346.8131333,-5.428823151,7.49246121,10393,1,6,A,5/19/17,3,10199,10380
346.8465,-14.32060785,11.97178132,10394,1,6,A,5/19/17,3,10199,10380
346.8798667,-7.902477542,10.09982665,10395,1,6,A,5/19/17,3,10199,10380
346.9466,-4.693412386,11.83807027,10397,1,6,A,5/19/17,3,10199,10380
347.0467,-9.573865644,1.408608519,10400,1,6,A,5/19/17,3,10199,10380
347.0800667,-15.25658519,1.475464043,10401,1,6,A,5/19/17,3,10199,10380
347.1134333,-11.1115427,12.37291447,10402,1,6,A,5/19/17,3,10199,10380
347.2135333,-1.751769326,13.24203628,10405,1,6,A,5/19/17,3,10199,10380
347.2469,-2.687746664,10.36724875,10406,2,6,A,5/19/17,3,10199,10380
347.3136333,-12.91664185,4.885095771,10408,1,6,A,5/19/17,3,10199,10380
347.347,-2.019191423,6.3559173,10409,1,6,A,5/19/17,3,10199,10380
347.4137333,-13.11720842,0.071498037,10411,1,6,A,5/19/17,3,10199,10380
347.9142333,-7.768766494,8.495294071,10426,3,6,A,5/19/17,3,10199,10380
348.4481,-15.92514043,13.04146971,10442,4,6,A,5/19/17,3,10199,10380
411.2441667,-15.65771833,13.44260285,12324,2,8,A,5/19/17,3,12179,12419
411.5444667,-2.152902471,11.57064818,12333,1,8,A,5/19/17,3,12179,12419
412.0116,-3.824290573,7.960449878,12347,1,8,A,5/19/17,3,12179,12419
412.1450667,-14.32060785,12.70719209,12351,2,8,A,5/19/17,3,12179,12419
412.3119,-10.71040955,9.564982456,12356,1,8,A,5/19/17,3,12179,12419
412.7456667,-19.06735006,1.341752994,12369,2,8,A,5/19/17,3,12179,12419
414.6809333,-13.31777499,4.617673674,12427,2,8,A,5/19/17,3,12179,12419
414.8811333,-12.24808661,2.077163759,12433,1,8,A,5/19/17,3,12179,12419
414.9145,-1.952335899,11.57064818,12434,1,8,A,5/19/17,3,12179,12419
415.0479667,-2.152902471,9.364415884,12438,1,8,A,5/19/17,3,12179,12419
415.2148,-16.3931291,6.3559173,12443,3,8,A,5/19/17,3,12179,12419
415.2481667,-4.827123434,6.623339397,12443,1,8,A,5/19/17,3,12179,12419
415.2815333,-3.824290573,7.626172258,12443,1,8,A,5/19/17,3,12179,12419
415.3482667,-2.086046947,1.475464043,12447,1,8,A,5/19/17,3,12179,12419
415.3816333,-2.487180091,4.684529198,12448,1,8,A,5/19/17,3,12179,12419
415.5484667,-6.097378392,0.873764326,12453,1,8,A,5/19/17,3,12179,12419
416.6162,-17.26225091,2.879430048,12485,2,8,A,5/19/17,3,12179,12419
460.0929667,-17.06168434,25.61030824,13788,2,8,A,5/19/17,3,12179,12419
477.0432333,-16.3931291,5.085662343,14296,1,2,A,5/19/17,3,14218,14279
477.0766,-15.65771833,8.361583023,14297,2,2,A,5/19/17,3,14218,14279
477.3769,-28.49397896,17.85506744,14306,2,2,A,5/19/17,3,14218,14279
477.4102667,-17.19539539,26.345719,14307,2,2,A,5/19/17,3,14218,14279
477.4436333,-20.87244921,4.751384722,14308,2,2,A,5/19/17,3,14218,14279
477.477,-16.59369567,7.024472541,14309,2,2,A,5/19/17,3,14218,14279
477.7773,-1.684913802,17.05280115,14318,3,2,A,5/19/17,3,14218,14279
477.8106667,-15.72457386,17.85506744,14318,3,2,A,5/19/17,3,14218,14279
477.9107667,-12.5155087,6.623339397,14322,1,2,A,5/19/17,3,14218,14279
478.0776,-6.832789156,12.10549237,14327,3,2,A,5/19/17,3,14218,14279
483.8166667,-2.620891139,30.2233394,14499,2,2,A,5/19/17,3,14218,14279
514.514,-0.815791989,30.29019492,15419,1,2,A,5/19/17,3,14218,14279
537.2700667,-28.22655686,31.22617226,16101,2,1,A,5/19/17,3,16077,16108
541.1072333,-23.3461036,5.954784156,16216,1,1,A,5/19/17,3,16077,16108
541.9747667,-22.81125941,1.408608519,16242,3,1,A,5/19/17,3,16077,16108
543.9100333,-22.41012627,5.620506536,16300,2,1,A,5/19/17,3,16077,16108
549.1486,-22.20955969,2.210874807,16457,1,1,A,5/19/17,3,16077,16108
599.2653333,-30.43278916,14.44543571,17959,4,3,A,5/19/17,3,17907,17998
599.3320667,-18.3319393,32.83070484,17961,5,3,A,5/19/17,3,17907,17998
600.0327667,-20.73873816,8.896427215,17982,1,3,A,5/19/17,3,17907,17998
600.2997,-25.21805828,34.76951503,17990,1,3,A,5/19/17,3,17907,17998
601.1672333,-7.100211253,19.45960002,18016,4,3,A,5/19/17,3,17907,17998
601.4008,-23.54667018,11.30322608,18023,4,3,A,5/19/17,3,17907,17998
601.4675333,-16.19256253,23.53778699,18025,2,3,A,5/19/17,3,17907,17998
601.4675333,-24.41579199,1.742886139,18025,2,3,A,5/19/17,3,17907,17998
601.5009,-15.79142938,3.949118434,18026,3,3,A,5/19/17,3,17907,17998
601.5342667,-12.44865318,3.681696337,18026,4,3,A,5/19/17,3,17907,17998
601.5676333,-16.19256253,15.58197962,18026,5,3,A,5/19/17,3,17907,17998
601.601,-20.13703845,5.553651011,18027,5,3,A,5/19/17,3,17907,17998
601.8679333,-7.300777825,0.94061985,18037,2,3,A,5/19/17,3,17907,17998
601.9346667,-22.14270417,21.33155469,18039,2,3,A,5/19/17,3,17907,17998
602.2683333,-9.573865644,27.21484081,18049,3,3,A,5/19/17,3,17907,17998
602.7688333,-17.46281749,22.93608727,18064,2,3,A,5/19/17,3,17907,17998
602.9356667,-9.84128774,4.082829482,18069,3,3,A,5/19/17,3,17907,17998
602.9690333,-20.33760502,13.5763139,18070,3,3,A,5/19/17,3,17907,17998
603.0691333,-19.86961635,2.612007952,18073,4,3,A,5/19/17,3,17907,17998
608.608,-12.44865318,1.676030615,18239,1,3,A,5/19/17,3,17907,17998
663.2292333,-21.87528207,18.92475583,19876,3,5,A,5/19/17,3,19796,19947
665.1978667,-20.33760502,0.405775657,19935,2,5,A,5/19/17,3,19796,19947
665.2979667,-12.84978632,5.486795487,19938,2,5,A,5/19/17,3,19796,19947
665.9653,-10.64355403,1.208041946,19958,1,5,A,5/19/17,3,19796,19947
666.0320333,-13.65205261,1.542319567,19960,2,5,A,5/19/17,3,19796,19947
666.0654,-12.11437556,3.07999662,19960,4,5,A,5/19/17,3,19796,19947
666.0987667,-7.501344397,5.954784156,19960,2,5,A,5/19/17,3,19796,19947
666.1321333,-20.93930474,12.50662552,19960,3,5,A,5/19/17,3,19796,19947
666.1988667,-16.59369567,9.63183798,19965,1,5,A,5/19/17,3,19796,19947
666.2656,-14.98916309,7.291894637,19967,1,5,A,5/19/17,3,19796,19947
666.2989667,-12.71607528,14.51229124,19967,2,5,A,5/19/17,3,19796,19947
666.3323333,-4.024857145,9.63183798,19968,1,5,A,5/19/17,3,19796,19947
666.3657,-2.620891139,10.16668217,19969,1,5,A,5/19/17,3,19796,19947
666.3990667,-18.53250587,6.556483873,19969,3,5,A,5/19/17,3,19796,19947
666.4658,-10.04185431,14.44543571,19973,1,5,A,5/19/17,3,19796,19947
666.666,-6.899644681,11.97178132,19979,1,5,A,5/19/17,3,19796,19947
666.7994667,-8.03618859,15.71569067,19983,1,5,A,5/19/17,3,19796,19947
666.8328333,-4.76026791,12.30605894,19984,3,5,A,5/19/17,3,19796,19947
667.1331333,-18.13137273,3.481129765,19993,2,5,A,5/19/17,3,19796,19947
668.3677,-17.79709511,10.50095979,20030,3,5,A,5/19/17,3,19796,19947
668.4344333,-8.03618859,14.71285781,20032,1,5,A,5/19/17,3,19796,19947
683.7163667,-25.68604695,1.408608519,20490,2,5,A,5/19/17,3,19796,19947
704.8041,-15.99199596,11.30322608,21122,1,5,A,5/19/17,3,19796,19947
731.2638667,-8.704743831,8.027305402,21915,2,10,A,5/19/17,3,21746,22046
732.3983333,-17.39596196,7.091328065,21949,1,10,A,5/19/17,3,21746,22046
732.7653667,-7.768766494,6.155350728,21960,5,10,A,5/19/17,3,21746,22046
733.1991333,-16.3931291,5.821073108,21973,1,10,A,5/19/17,3,21746,22046
736.5691667,-12.91664185,13.04146971,22074,1,10,A,5/19/17,3,21746,22046
736.8027333,-5.295112103,4.082829482,22081,1,10,A,5/19/17,3,21746,22046
737.4700667,-16.52684015,5.353084439,22101,2,10,A,5/19/17,3,21746,22046
741.0069333,-12.98349737,12.57348104,22207,2,10,A,5/19/17,3,21746,22046
741.6075333,-7.835622018,13.3088918,22225,5,10,A,5/19/17,3,21746,22046
800.2327667,-12.54624525,3.5309173,23982,1,4,A,5/19/17,3,23845,23966
800.3328667,-2.496245247,7.4309173,23985,1,4,A,5/19/17,3,23845,23966
800.3662333,-15.69624525,14.1809173,23986,1,4,A,5/19/17,3,23845,23966
800.4329667,-17.12124525,5.1809173,23988,4,4,A,5/19/17,3,23845,23966
800.4663333,-16.59624525,17.8559173,23989,1,4,A,5/19/17,3,23845,23966
800.4997,-22.44624525,9.3809173,23990,2,4,A,5/19/17,3,23845,23966
800.5330667,-20.94624525,8.1809173,23990,1,4,A,5/19/17,3,23845,23966
800.5664333,-9.396245247,12.8309173,23990,1,4,A,5/19/17,3,23845,23966
800.5998,-8.421245247,4.5059173,23990,1,4,A,5/19/17,3,23845,23966
800.6331667,-11.34624525,19.8809173,23990,1,4,A,5/19/17,3,23845,23966
800.6665333,-12.77124525,23.9309173,23990,2,4,A,5/19/17,3,23845,23966
800.6999,-6.546245247,13.9559173,23992,1,4,A,5/19/17,3,23845,23966
800.7332667,-3.396245247,10.7309173,23992,1,4,A,5/19/17,3,23845,23966
800.8,-1.521245247,19.3559173,23993,3,4,A,5/19/17,3,23845,23966
800.8333667,-12.54624525,3.5309173,24996,1,4,A,5/19/17,3,23845,23966
800.8667333,-13.37124525,15.0059173,24996,1,4,A,5/19/17,3,23845,23966
800.9001,-11.12124525,14.1059173,24996,2,4,A,5/19/17,3,23845,23966
800.9334667,-7.446245247,15.8309173,24996,3,4,A,5/19/17,3,23845,23966
800.9668333,-7.221245247,17.5559173,24996,3,4,A,5/19/17,3,23845,23966
801.0002,-9.996245247,19.0559173,24996,1,4,A,5/19/17,3,23845,23966
801.0335667,-13.22124525,17.5559173,24996,1,4,A,5/19/17,3,23845,23966
801.0669333,-17.57124525,24.3059173,24996,1,4,A,5/19/17,3,23845,23966
801.1003,-18.17124525,1.5059173,24004,4,4,A,5/19/17,3,23845,23966
801.1336667,-22.67124525,0.3059173,24004,1,4,A,5/19/17,3,23845,23966
801.5674333,-15.09624525,16.2059173,24022,1,4,A,5/19/17,3,23845,23966
801.6675333,-4.071245247,5.2559173,24025,3,4,A,5/19/17,3,23845,23966
801.7009,-7.446245247,13.2809173,24026,1,4,A,5/19/17,3,23845,23966
801.801,-14.12124525,13.5059173,24029,1,4,A,5/19/17,3,23845,23966
801.8343667,-12.69624525,15.6059173,24030,1,4,A,5/19/17,3,23845,23966
872.8052667,-28.32848233,26.1954262,26157,3,1,B,5/19/17,1,26124,26156
873.5393333,-19.12266112,16.91476091,26179,3,1,B,5/19/17,1,26124,26156
873.7395333,-15.67983368,17.81288981,26185,1,1,B,5/19/17,1,26124,26156
873.8396333,-11.93762994,19.53430353,26188,1,1,B,5/19/17,1,26124,26156
875.2076667,-14.18295218,17.51351351,26229,1,1,B,5/19/17,1,26124,26156
876.6090667,-14.85654886,16.16632017,26271,2,1,B,5/19/17,1,26124,26156
880.2794,-4.752598753,12.94802495,26381,2,1,B,5/19/17,1,26124,26156
35.3353,-22.32376759,28.7019869,1059,3,2,B,5/19/17,1,1046,1106
37.27056667,-9.833088106,33.21989225,1117,5,2,B,5/19/17,1,1046,1106
37.47076667,-12.75643862,14.94895151,1123,2,2,B,5/19/17,1,1046,1106
37.50413333,-20.19769449,1.461675259,1124,2,2,B,5/19/17,1,1046,1106
37.97126667,-21.52649018,9.89952789,1138,5,2,B,5/19/17,1,1046,1106
39.7397,-24.31696113,5.248742975,1191,2,2,B,5/19/17,1,1046,1106
72.3723,-10.82968487,21.52649018,2169,1,2,B,5/19/17,1,1046,1106
73.23983333,-14.41743324,20.33057406,2195,4,2,B,5/19/17,1,1046,1106
95.4954,-8.238533278,9.235130045,2862,1,2,B,5/19/17,1,1046,1106
101.7683333,-2.724031164,0.59795806,3050,1,7,B,5/19/17,1,2905,3116
102.6692333,-8.437852631,3.587748363,3077,1,7,B,5/19/17,1,2905,3116
104.4710333,-14.61675259,9.168690261,3131,3,7,B,5/19/17,1,2905,3116
104.5377667,-8.105653709,3.454868794,3133,1,7,B,5/19/17,1,2905,3116
129.7963333,-7.640575217,33.35277182,3890,3,7,B,5/19/17,1,2905,3116
162.6291333,-9.035810692,16.80926548,4874,1,4,B,5/19/17,1,4915,5035
165.0982667,-25.18067832,35.146646,4948,7,4,B,5/19/17,1,4915,5035
165.165,-9.500889183,13.35439668,4950,1,4,B,5/19/17,1,4915,5035
166.5330333,-26.37659445,20.39701384,4991,4,4,B,5/19/17,1,4915,5035
167.167,-6.444659096,5.846701036,5010,3,4,B,5/19/17,1,4915,5035
167.2003667,-20.1312547,28.23690841,5011,4,4,B,5/19/17,1,4915,5035
168.1012667,-9.567328968,13.75303539,5038,1,4,B,5/19/17,1,4915,5035
168.5016667,-21.8586891,19.00177837,5050,6,4,B,5/19/17,1,4915,5035
168.5016667,-8.437852631,0.265759138,5050,4,4,B,5/19/17,1,4915,5035
168.6351333,-7.773454786,9.235130045,5054,1,4,B,5/19/17,1,4915,5035
169.4693,-7.042617157,2.391832242,5079,1,4,B,5/19/17,1,4915,5035
170.9374333,-9.700208537,13.95235474,5123,1,4,B,5/19/17,1,4915,5035
182.5824,-8.371412847,24.18408156,5472,3,4,B,5/19/17,1,4915,5035
189.6895,-9.567328968,4.451465561,5685,2,4,B,5/19/17,1,4915,5035
190.4903,-17.1414644,25.57931703,5709,4,4,B,5/19/17,1,4915,5035
200.6004,-7.175496726,26.11083531,6012,3,4,B,5/19/17,1,4915,5035
204.9380667,-2.923350518,10.76324509,6142,1,4,B,5/19/17,1,4915,5035
230.0631667,-8.770051554,11.69340207,6895,2,10,B,5/19/17,1,6834,7134
230.2633667,-21.92512888,13.55371604,6901,2,10,B,5/19/17,1,6834,7134
230.8973333,-29.63214389,29.16706539,6920,5,10,B,5/19/17,1,6834,7134
232.5990333,-19.732616,34.34936859,6971,2,10,B,5/19/17,1,6834,7134
236.7031333,-17.1414644,5.91314082,7094,1,10,B,5/19/17,1,6834,7134
236.8699667,-12.75643862,7.97277414,7099,2,10,B,5/19/17,1,6834,7134
238.7051333,-7.441255864,8.039213924,7154,1,10,B,5/19/17,1,6834,7134
239.8729667,-11.02900423,10.43104617,7189,2,10,B,5/19/17,1,6834,7134
243.1762667,-15.81266871,7.707015002,7288,3,10,B,5/19/17,1,6834,7134
244.6110333,-18.47026009,9.168690261,7331,5,10,B,5/19/17,1,6834,7134
251.5846667,-18.80245901,6.909737588,7540,1,10,B,5/19/17,1,6834,7134
253.253,-6.64397845,18.80245901,7590,4,10,B,5/19/17,1,6834,7134
274.8412333,-13.22151711,16.60994612,8237,4,10,B,5/19/17,1,6834,7134
283.4832,-16.54350634,1.993193535,8496,3,10,B,5/19/17,1,6834,7134
294.6276667,-4.783664484,21.59292996,8830,2,10,B,5/19/17,1,6834,7134
295.6620333,-14.5503128,1.993193535,8861,1,10,B,5/19/17,1,6834,7134
296.1291667,-10.96256444,4.052826854,8875,1,10,B,5/19/17,1,6834,7134
302.7691333,-4.982983837,4.650784915,9074,2,8,B,5/19/17,1,8933,9174
306.5729333,-13.68659561,12.49067949,9188,3,8,B,5/19/17,1,8933,9174
307.6073,-14.81607194,9.700208537,9219,1,8,B,5/19/17,1,8933,9174
308.7751333,-10.16528703,5.780261251,9254,1,8,B,5/19/17,1,8933,9174
329.6293,-17.60654289,10.96256444,9879,1,8,B,5/19/17,1,8933,9174
330.7971333,-15.0153913,7.175496726,9914,3,8,B,5/19/17,1,8933,9174
331.6646667,-14.48387302,34.54868794,9940,5,8,B,5/19/17,1,8933,9174
332.0317,-16.54350634,8.504292416,9951,1,8,B,5/19/17,1,8933,9174
341.2075333,-14.61675259,29.29994496,10226,2,8,B,5/19/17,1,8933,9174
364.9646,-0.332198922,33.88429009,10938,5,8,B,5/19/17,1,8933,9174
366.8331333,-19.40041707,15.94554828,10994,2,3,B,5/19/17,1,10973,11063
367.0667,-31.09381914,8.969370907,11001,1,3,B,5/19/17,1,10973,11063
367.4003667,-30.03078259,20.46345363,11011,4,3,B,5/19/17,1,10973,11063
368.1678,-21.65936975,28.43622776,11034,2,3,B,5/19/17,1,10973,11063
368.2011667,-27.37319121,22.7224063,11035,3,3,B,5/19/17,1,10973,11063
368.3012667,-10.03240746,8.770051554,11038,1,3,B,5/19/17,1,10973,11063
368.7016667,-28.63554712,7.109056941,11050,4,3,B,5/19/17,1,10973,11063
368.7350333,-25.31355789,21.99156867,11051,2,3,B,5/19/17,1,10973,11063
369.369,-15.94554828,0.863717198,11070,2,3,B,5/19/17,1,10973,11063
369.7694,-3.98638707,8.770051554,11082,4,3,B,5/19/17,1,10973,11063
369.8027667,-5.115863406,18.0051816,11083,1,3,B,5/19/17,1,10973,11063
369.9028667,-20.19769449,1.860313966,11086,4,3,B,5/19/17,1,10973,11063
369.9362333,-5.115863406,0.465078491,11087,2,3,B,5/19/17,1,10973,11063
370.8371333,-9.500889183,6.378219312,11114,3,3,B,5/19/17,1,10973,11063
371.4711,-16.74282569,9.368009614,11133,1,3,B,5/19/17,1,10973,11063
406.9065,-3.853507501,20.66277298,12195,1,3,B,5/19/17,1,10973,11063
417.9508667,-15.48046979,0.066439784,12526,1,3,B,5/19/17,1,10973,11063
418.5848333,-15.48046979,19.33397729,12545,4,3,B,5/19/17,1,10973,11063
429.8627667,-34.41580837,6.378219312,12883,6,6,B,5/19/17,1,12862,13043
432.3652667,-7.906334355,5.182303191,12958,4,6,B,5/19/17,1,12862,13043
433.1660667,-11.49408272,4.451465561,12982,3,6,B,5/19/17,1,12862,13043
433.9335,-5.780261251,2.258952673,13005,2,6,B,5/19/17,1,12862,13043
435.2014333,-4.185706423,4.717224699,13043,2,6,B,5/19/17,1,12862,13043
435.8020333,-14.1516741,8.504292416,13061,1,6,B,5/19/17,1,12862,13043
435.8354,-7.175496726,8.703611769,13062,2,6,B,5/19/17,1,12862,13043
435.8687667,-10.63036552,10.63036552,13062,2,6,B,5/19/17,1,12862,13043
435.9021333,-14.61675259,13.81947518,13062,1,6,B,5/19/17,1,12862,13043
438.9051333,-10.56392574,4.185706423,13154,1,6,B,5/19/17,1,12862,13043
439.3389,-19.86549556,15.0153913,13167,7,6,B,5/19/17,1,12862,13043
477.8106667,-15.08183108,11.89272143,14320,1,6,B,5/19/17,1,12862,13043
488.1877,-6.511098881,19.53329664,14631,3,6,B,5/19/17,1,12862,13043
495.8954,-20.1312547,21.8586891,14862,7,5,B,5/19/17,1,14842,14992
498.1309667,-6.378219312,7.574135433,14929,3,5,B,5/19/17,1,14842,14992
500.6668333,-12.02560099,3.919947285,15005,1,5,B,5/19/17,1,14842,14992
500.7669333,-10.03240746,14.01879453,15008,3,5,B,5/19/17,1,14842,14992
500.8003,-4.451465561,8.238533278,15009,1,5,B,5/19/17,1,14842,14992
500.8670333,-8.770051554,2.65759138,15011,2,5,B,5/19/17,1,14842,14992
501.0338667,-16.87570526,3.853507501,15016,1,5,B,5/19/17,1,14842,14992
501.6344667,-3.388429009,0.996596767,15034,1,5,B,5/19/17,1,14842,14992
502.7022,-11.36120315,8.637171985,15066,1,5,B,5/19/17,1,14842,14992
504.8710333,-4.783664484,7.906334355,15131,1,5,B,5/19/17,1,14842,14992
547.2467,-8.371412847,9.30156983,16401,3,5,B,5/19/17,1,14842,14992
550.1162333,-27.90470949,20.26413427,16487,2,5,B,5/19/17,1,14842,14992
551.3174333,-19.06821815,17.34078375,16523,4,5,B,5/19/17,1,14842,14992
562.2283333,-3.853507501,25.18067832,16850,3,0.5,B,5/19/17,1,16791,16807
574.7408333,-14.01879453,5.713821467,17225,2,0.5,B,5/19/17,1,16791,16807
600.1996,-28.10402884,16.87570526,17988,2,0.5,B,5/19/17,1,16791,16807
601.0004,-16.01198806,20.06481492,18012,3,0.5,B,5/19/17,1,16791,16807
602.1015,-8.371412847,13.75303539,18045,1,0.5,B,5/19/17,1,16791,16807
612.9790333,-14.41743324,8.039213924,18371,3,0.5,B,5/19/17,1,16791,16807
613.8465667,-28.3033482,23.05460522,18397,3,0.5,B,5/19/17,1,16791,16807
620.7534667,-8.039213924,23.9847622,18604,3,0.5,B,5/19/17,1,16791,16807
622.3550667,-27.24031164,16.67638591,18652,4,5,B,5/19/17,2,18606,18756
622.9890333,-3.122669871,18.27094074,18671,5,5,B,5/19/17,2,18606,18756
623.4228,-16.14486763,27.97114927,18684,8,5,B,5/19/17,2,18606,18756
624.3904333,-3.654188147,31.95753634,18713,6,5,B,5/19/17,2,18606,18756
625.0577667,-17.34078375,10.76324509,18733,5,5,B,5/19/17,2,18606,18756
626.1255,-16.94214505,7.175496726,18765,1,5,B,5/19/17,2,18606,18756
626.1588667,-12.49067949,11.69340207,18766,5,5,B,5/19/17,2,18606,18756
626.1922333,-8.5707322,6.976177372,18766,1,5,B,5/19/17,2,18606,18756
626.2256,-15.87910849,0.465078491,18766,2,5,B,5/19/17,2,18606,18756
626.2589667,-10.6968053,5.31518276,18769,2,5,B,5/19/17,2,18606,18756
626.3257,-2.258952673,3.388429009,18771,3,5,B,5/19/17,2,18606,18756
626.3590667,-17.00858483,5.846701036,18771,1,5,B,5/19/17,2,18606,18756
626.3924333,-16.47706656,4.783664484,18771,1,5,B,5/19/17,2,18606,18756
626.4258,-21.72580953,9.235130045,18771,1,5,B,5/19/17,2,18606,18756
626.4591667,-6.046020389,4.58434513,18771,1,5,B,5/19/17,2,18606,18756
626.4925333,-7.042617157,9.168690261,18771,2,5,B,5/19/17,2,18606,18756
626.5259,-5.91314082,8.437852631,18772,1,5,B,5/19/17,2,18606,18756
626.5592667,-7.773454786,6.577538665,18772,2,5,B,5/19/17,2,18606,18756
627.5269,-5.31518276,3.98638707,18807,1,5,B,5/19/17,2,18606,18756
628.0941333,-26.97455251,14.94895151,18824,1,5,B,5/19/17,2,18606,18756
630.0627667,-6.178899958,7.640575217,18883,1,5,B,5/19/17,2,18606,18756
632.9656667,-25.64575682,13.68659561,18970,2,5,B,5/19/17,2,18606,18756
636.5359,-10.09884724,12.88931819,19077,3,5,B,5/19/17,2,18606,18756
642.8422,-23.91832242,12.68999884,19266,1,5,B,5/19/17,2,18606,18756
648.2809667,-28.50266755,26.97455251,19429,2,5,B,5/19/17,2,18606,18756
686.6526333,-0.797277414,25.37999768,20579,4,0.5,B,5/19/17,2,20555,20570
688.4544333,-30.23010195,13.42083647,20633,2,0.5,B,5/19/17,2,20555,20570
690.5231667,-28.17046863,6.444659096,20695,4,0.5,B,5/19/17,2,20555,20570
691.1237667,-9.235130045,7.507695648,20713,3,0.5,B,5/19/17,2,20555,20570
702.2682333,-8.902931123,16.74282569,21047,3,0.5,B,5/19/17,2,20555,20570
747.5134333,-32.09041591,16.07842785,22403,5,4,B,5/19/17,2,22369,22490
749.8824667,-16.60994612,9.235130045,22474,1,4,B,5/19/17,2,22369,22490
750.7166333,-5.780261251,11.02900423,22499,5,4,B,5/19/17,2,22369,22490
750.75,-2.989790302,2.391832242,22500,3,4,B,5/19/17,2,22369,22490
750.8167333,-19.99837513,15.41403,22502,4,4,B,5/19/17,2,22369,22490
750.9168333,-24.58272026,26.50947401,22505,5,4,B,5/19/17,2,22369,22490
750.9502,-18.93533858,17.00858483,22505,1,4,B,5/19/17,2,22369,22490
750.9835667,-14.1516741,10.2981666,22505,2,4,B,5/19/17,2,22369,22490
751.0169333,-10.63036552,10.16528703,22505,1,4,B,5/19/17,2,22369,22490
751.0503,-13.35439668,9.035810692,22505,2,4,B,5/19/17,2,22369,22490
751.0836667,-3.654188147,9.700208537,22505,1,4,B,5/19/17,2,22369,22490
751.1170333,-2.591151595,12.82287841,22505,4,4,B,5/19/17,2,22369,22490
751.0503,-18.93533858,9.168690261,22509,3,4,B,5/19/17,2,22369,22490
751.1504,-11.1618838,13.22151711,22511,2,4,B,5/19/17,2,22369,22490
751.1837667,-14.94895151,15.34759022,22511,4,4,B,5/19/17,2,22369,22490
751.2171333,-7.109056941,4.717224699,22511,1,4,B,5/19/17,2,22369,22490
751.2505,-8.637171985,10.03240746,22515,1,4,B,5/19/17,2,22369,22490
751.2838667,-19.732616,12.68999884,22516,1,4,B,5/19/17,2,22369,22490
751.3839667,-5.91314082,1.727434397,22519,3,4,B,5/19/17,2,22369,22490
751.5508,-8.172093493,11.1618838,22524,5,4,B,5/19/17,2,22369,22490
751.6175333,-14.08523431,15.0153913,22526,1,4,B,5/19/17,2,22369,22490
751.6509,-19.79905578,14.08523431,22527,1,4,B,5/19/17,2,22369,22490
753.0523,-23.45324393,20.66277298,22569,1,4,B,5/19/17,2,22369,22490
754.8874667,-28.56910733,12.82287841,22624,1,4,B,5/19/17,2,22369,22490
759.9592,-24.38340091,22.32376759,22776,1,4,B,5/19/17,2,22369,22490
761.5941667,-26.59314662,12.69601994,22825,2,4,B,5/19/17,2,22369,22490
784.3168667,-0.654224253,9.490923215,23506,3,4,B,5/19/17,2,22369,22490
804.9374667,-29.35102055,25.44186973,24124,1,4,B,5/19/17,2,22369,22490
814.5804333,-21.07739876,15.37935674,24413,1,8,B,5/19/17,2,24289,24529
816.0152,-4.381080915,2.484432692,24456,2,8,B,5/19/17,2,24289,24529
816.0152,-4.381080915,2.484432692,24456,1,8,B,5/19/17,2,24289,24529
819.0515667,-17.5741535,4.795083822,24547,1,8,B,5/19/17,2,24289,24529
819.0849333,-16.4560965,4.049712489,24548,1,8,B,5/19/17,2,24289,24529
819.5854333,-13.17646264,7.329346352,24563,1,8,B,5/19/17,2,24289,24529
819.7189,-12.28201704,6.583975019,24567,1,8,B,5/19/17,2,24289,24529
819.7522667,-10.19497731,6.36036362,24568,1,8,B,5/19/17,2,24289,24529
856.9227333,-14.51813103,17.91361927,25682,3,8,B,5/19/17,2,24289,24529
879.8456333,-30.99083748,18.50991634,26369,2,7,B,5/19/17,2,26328,26539
882.3147667,-6.169972112,9.341848949,26443,1,7,B,5/19/17,2,26328,26539
882.7485333,-16.4560965,6.882123552,26456,2,7,B,5/19/17,2,26328,26539
882.9487333,-18.99035903,2.037209892,26462,2,7,B,5/19/17,2,26328,26539
883.6494333,-10.79127437,6.583975019,26483,2,7,B,5/19/17,2,26328,26539
884.1499333,-11.90933137,6.956660686,26498,2,7,B,5/19/17,2,26328,26539
887.2196667,-28.53111208,15.52843101,26590,1,7,B,5/19/17,2,26328,26539
888.2874,-10.34405157,0.471930094,26622,1,7,B,5/19/17,2,26328,26539
42.87616667,-5.654643237,15.292216,1285,2,3,B,5/19/17,2,1182,1272
42.97626667,-15.49064638,17.52767126,1288,4,3,B,5/19/17,2,1182,1272
43.00963333,-19.58898103,11.044851,1288,5,3,B,5/19/17,2,1182,1272
43.043,-13.47873665,13.42933662,1290,1,3,B,5/19/17,2,1182,1272
43.07636667,-20.40864795,10.29969925,1290,3,3,B,5/19/17,2,1182,1272
43.10973333,-3.791763853,6.499425308,1290,3,3,B,5/19/17,2,1182,1272
43.1431,-14.14937323,10.22518408,1293,1,3,B,5/19/17,2,1182,1272
43.17646667,-16.01225261,13.72739732,1293,1,3,B,5/19/17,2,1182,1272
43.20983333,-5.431097711,13.42933662,1293,2,3,B,5/19/17,2,1182,1272
43.2432,-4.387885256,19.01797477,1293,2,3,B,5/19/17,2,1182,1272
43.27656667,-23.98537637,6.424910133,1293,4,3,B,5/19/17,2,1182,1272
43.30993333,-21.45186041,31.9091001,1294,3,3,B,5/19/17,2,1182,1272
43.3433,-15.26710086,12.01354828,1294,1,3,B,5/19/17,2,1182,1272
43.37666667,-11.76488761,7.766183289,1294,1,3,B,5/19/17,2,1182,1272
43.61023333,-5.207552185,7.393607412,1295,1,3,B,5/19/17,2,1182,1272
43.47676667,-21.15379971,14.39803389,1299,2,3,B,5/19/17,2,1182,1272
43.51013333,-7.741068146,11.93903311,1299,2,3,B,5/19/17,2,1182,1272
43.4434,-13.55325182,9.256486796,1300,1,3,B,5/19/17,2,1182,1272
43.41003333,-14.14937323,5.754273555,1301,1,3,B,5/19/17,2,1182,1272
43.5435,-8.113644023,9.852608199,1301,1,3,B,5/19/17,2,1182,1272
43.57686667,-21.45186041,21.55149073,1302,2,3,B,5/19/17,2,1182,1272
43.67696667,-22.49507286,14.84512495,1302,2,3,B,5/19/17,2,1182,1272
43.6436,-9.976523407,6.424910133,1308,2,3,B,5/19/17,2,1182,1272
44.17746667,-19.58898103,15.73930705,1324,4,3,B,5/19/17,2,1182,1272
44.21083333,-21.52637559,19.16700512,1325,4,3,B,5/19/17,2,1182,1272
44.81143333,-14.00034288,4.114939697,1343,4,3,B,5/19/17,2,1182,1272
45.9459,-20.70670866,24.15952186,1377,3,3,B,5/19/17,2,1182,1272
52.98626667,-5.058521834,17.60218643,1524,2,3,B,5/19/17,2,1182,1272
100.6672333,-7.592037796,23.04179423,3017,1,3,B,5/19/17,2,1182,1272
103.6702333,-7.815583322,18.34733819,3107,2,10,B,5/19/17,2,3071,3372
107.0402667,-32.92719741,22.66921836,3208,7,10,B,5/19/17,2,3071,3372
107.9411667,-5.431097711,3.146242418,3235,1,10,B,5/19/17,2,3071,3372
108.3082,-13.85131252,7.91521364,3246,2,10,B,5/19/17,2,3071,3372
108.7753333,-13.9258277,3.295272768,3260,2,10,B,5/19/17,2,3071,3372
108.9088,-2.897581749,8.362304692,3264,1,10,B,5/19/17,2,3071,3372
114.0472667,-12.80810007,3.295272768,3418,1,10,B,5/19/17,2,3071,3372
114.1473667,-6.921401217,3.965909346,3421,1,10,B,5/19/17,2,3071,3372
174.5744,-17.12998024,24.68112809,5232,2,1,B,5/19/17,2,5170,5201
174.9414333,-8.933310952,23.11630941,5243,3,1,B,5/19/17,2,5170,5201
174.9748,-5.505612886,21.99858178,5243,3,1,B,5/19/17,2,5170,5201
175.9758,-27.56210479,28.40688686,5274,5,1,B,5/19/17,2,5170,5201
183.3498333,-8.262674374,9.256486796,5495,3,1,B,5/19/17,2,5170,5201
187.3538333,-25.99728611,24.45758257,5615,2,1,B,5/19/17,2,5170,5201
196.0625333,-24.35795225,23.19082459,5876,2,1,B,5/19/17,2,5170,5201
235.9690667,-11.16876621,18.86894442,7072,2,2,B,5/19/17,2,7000,7061
236.236,-14.2238884,11.86451793,7080,2,2,B,5/19/17,2,7000,7061
236.2693667,-1.556308593,17.45315608,7080,3,2,B,5/19/17,2,7000,7061
236.4028333,-18.69479892,14.39803389,7085,1,2,B,5/19/17,2,7000,7061
236.5029333,-24.87955848,27.66173511,7088,6,2,B,5/19/17,2,7000,7061
236.7031333,-24.05989155,1.134332683,7094,2,2,B,5/19/17,2,7000,7061
236.8699667,-7.815583322,8.511335042,7099,3,2,B,5/19/17,2,7000,7061
236.9033333,-28.23274137,3.518818294,7100,4,2,B,5/19/17,2,7000,7061
237.0368,-19.51446585,2.401090664,7104,3,2,B,5/19/17,2,7000,7061
237.1369,-26.96598339,7.095546711,7107,3,2,B,5/19/17,2,7000,7061
237.1702667,-31.95850013,7.170061886,7108,5,2,B,5/19/17,2,7000,7061
237.4705667,-10.72167516,6.499425308,7117,3,2,B,5/19/17,2,7000,7061
237.6374,-23.9108612,11.41742688,7122,3,2,B,5/19/17,2,7000,7061
237.7041333,-2.748551398,2.997212067,7124,4,2,B,5/19/17,2,7000,7061
237.8042333,-28.90337794,22.52018801,7127,2,2,B,5/19/17,2,7000,7061
238.1379,-20.55767831,5.977819081,7137,5,2,B,5/19/17,2,7000,7061
238.4715667,-18.84382927,12.31160898,7147,3,2,B,5/19/17,2,7000,7061
238.9720667,-22.27152734,17.52767126,7162,4,2,B,5/19/17,2,7000,7061
239.1389,-7.443007445,10.67227513,7167,2,2,B,5/19/17,2,7000,7061
244.6777667,-25.6992254,1.208847859,7333,1,2,B,5/19/17,2,7000,7061
296.8966,-0.885672014,21.0298845,8898,6,6,B,5/19/17,2,8860,9040
299.0988,-3.19564245,18.42185336,8964,1,6,B,5/19/17,2,8860,9040
299.3323667,-8.858795776,11.19388135,8971,1,6,B,5/19/17,2,8860,9040
300.1331667,-3.419187976,15.06867047,8995,1,6,B,5/19/17,2,8860,9040
300.4001,-8.262674374,7.691668114,9003,1,6,B,5/19/17,2,8860,9040
300.5002,-2.301460346,13.13127591,9006,1,6,B,5/19/17,2,8860,9040
300.5335667,-8.63525025,4.785576275,9007,2,6,B,5/19/17,2,8860,9040
300.6336667,-19.43995068,7.989728815,9010,2,6,B,5/19/17,2,8860,9040
300.6670333,-3.717248678,12.31160898,9011,1,6,B,5/19/17,2,8860,9040
302.1018,-17.80061682,3.220757593,9054,1,6,B,5/19/17,2,8860,9040
302.1351667,-14.59646428,4.413000398,9054,2,6,B,5/19/17,2,8860,9040
302.1685333,-12.28649384,6.126849431,9054,1,6,B,5/19/17,2,8860,9040
302.2019,-14.5219491,7.617152938,9054,1,6,B,5/19/17,2,8860,9040
302.2352667,-10.27458411,7.095546711,9054,1,6,B,5/19/17,2,8860,9040
302.2686333,-11.39231174,5.381697678,9054,1,6,B,5/19/17,2,8860,9040
302.302,-4.387885256,9.554547497,9058,1,6,B,5/19/17,2,8860,9040
302.3353667,-5.654643237,0.687241631,9058,2,6,B,5/19/17,2,8860,9040
302.3687333,-15.11807051,12.53515451,9058,1,6,B,5/19/17,2,8860,9040
302.4021,-14.5219491,13.42933662,9058,1,6,B,5/19/17,2,8860,9040
302.4354667,-11.46682691,8.511335042,9064,1,6,B,5/19/17,2,8860,9040
302.4688333,-8.262674374,7.691668114,9064,1,6,B,5/19/17,2,8860,9040
302.5022,-6.027219113,5.232667327,9066,1,6,B,5/19/17,2,8860,9040
302.5355667,-4.31337008,2.550121015,9067,1,6,B,5/19/17,2,8860,9040
302.7024,-21.97346664,17.00606503,9072,2,6,B,5/19/17,2,8860,9040
366.4327333,-17.80061682,21.77503625,10982,3,0.5,B,5/19/17,3,10839,10854
367.0667,-16.31031331,19.39055064,11001,3,0.5,B,5/19/17,3,10839,10854
367.7006667,-4.089824554,22.37115766,11020,2,0.5,B,5/19/17,3,10839,10854
369.4691,-2.375975521,20.58279345,11073,1,0.5,B,5/19/17,3,10839,10854
370.8705,-5.058521834,18.19830784,11115,1,0.5,B,5/19/17,3,10839,10854
371.0707,-3.419187976,18.57088371,11121,1,0.5,B,5/19/17,3,10839,10854
372.1384333,-4.089824554,16.55897398,11153,1,0.5,B,5/19/17,3,10839,10854
425.3249,-7.890098497,7.021031535,12747,1,4,B,5/19/17,3,12654,12773
426.4927333,-8.039128848,8.958426094,12782,2,4,B,5/19/17,3,12654,12773
426.7263,-13.25519112,9.554547497,12789,1,4,B,5/19/17,3,12654,12773
426.7596667,-10.42361446,10.1506689,12790,1,4,B,5/19/17,3,12654,12773
426.8264,-13.9258277,17.67670161,12792,1,4,B,5/19/17,3,12654,12773
426.8597667,-9.678462705,10.97033583,12793,1,4,B,5/19/17,3,12654,12773
426.8931333,-5.431097711,14.6960946,12794,2,4,B,5/19/17,3,12654,12773
426.9265,-20.03607208,6.275879782,12795,1,4,B,5/19/17,3,12654,12773
426.9598667,-16.45934366,7.244577062,12796,2,4,B,5/19/17,3,12654,12773
426.9932333,-17.27901059,8.138759166,12796,1,4,B,5/19/17,3,12654,12773
427.0266,-18.09867752,19.31603547,12796,1,4,B,5/19/17,3,12654,12773
427.0599667,-13.3297063,19.91215687,12796,2,4,B,5/19/17,3,12654,12773
427.0933333,-5.580128061,7.617152938,12796,1,4,B,5/19/17,3,12654,12773
427.1267,-9.678462705,6.94651636,12796,1,4,B,5/19/17,3,12654,12773
427.1600667,-22.42055769,17.37864091,12797,3,4,B,5/19/17,3,12654,12773
427.1600667,-19.73801138,19.68861134,12802,2,4,B,5/19/17,3,12654,12773
427.1934333,-18.91834445,15.8883374,12803,2,4,B,5/19/17,3,12654,12773
427.2268,-7.219461919,10.37421443,12804,1,4,B,5/19/17,3,12654,12773
427.3602667,-13.77679735,1.208847859,12808,1,4,B,5/19/17,3,12654,12773
427.3936333,-5.878188763,1.283363034,12809,2,4,B,5/19/17,3,12654,12773
427.7273,-14.14937323,6.126849431,12819,4,4,B,5/19/17,3,12654,12773
428.1610667,-19.3654355,16.70800433,12832,1,4,B,5/19/17,3,12654,12773
428.2945333,-20.18510243,15.8883374,12836,6,4,B,5/19/17,3,12654,12773
428.2945333,-12.80810007,4.934606626,12836,1,4,B,5/19/17,3,12654,12773
437.4036333,-5.505612886,5.605243204,13109,2,4,B,5/19/17,3,12654,12773
491.3241667,-13.70228217,7.91521364,14725,1,10,B,5/19/17,3,14573,14873
494.494,-16.16128296,4.487515574,14820,2,10,B,5/19/17,3,14573,14873
496.8296667,-15.11807051,2.848181716,14890,1,10,B,5/19/17,3,14573,14873
497.0298667,-15.71419191,9.778093023,14896,1,10,B,5/19/17,3,14573,14873
498.2978,-12.28649384,4.86009145,14934,1,10,B,5/19/17,3,14573,14873
502.4686333,-22.56958804,18.79442924,15059,3,10,B,5/19/17,3,14573,14873
558.0908667,-23.83634602,30.79137247,16726,2,5,B,5/19/17,3,16672,16823
558.8583,-24.43246742,27.28915923,16749,5,5,B,5/19/17,3,16672,16823
561.1939667,-12.21197867,5.158152152,16819,2,5,B,5/19/17,3,16672,16823
561.3274333,-18.39673822,0.463696105,16823,1,5,B,5/19/17,3,16672,16823
561.8613,-10.49812963,7.021031535,16839,1,5,B,5/19/17,3,16672,16823
561.8946667,-7.070431568,5.158152152,16840,1,5,B,5/19/17,3,16672,16823
561.9280333,-10.49812963,5.456212853,16841,1,5,B,5/19/17,3,16672,16823
561.9614,-10.79619034,1.50690856,16842,2,5,B,5/19/17,3,16672,16823
561.9947667,-10.12555376,6.275879782,16843,1,5,B,5/19/17,3,16672,16823
561.9947667,-13.25519112,10.37421443,16843,2,5,B,5/19/17,3,16672,16823
562.0281333,-12.95713042,11.34291171,16844,2,5,B,5/19/17,3,16672,16823
562.0615,-6.474310165,8.660365393,16845,1,5,B,5/19/17,3,16672,16823
562.0948667,-4.089824554,24.75564327,16846,7,5,B,5/19/17,3,16672,16823
562.1282333,-10.27458411,15.44124635,16847,3,5,B,5/19/17,3,16672,16823
562.1616,-16.38482849,11.86451793,16848,3,5,B,5/19/17,3,16672,16823
562.2617,-20.93025418,5.158152152,16851,2,5,B,5/19/17,3,16672,16823
562.2950667,-11.61585726,1.432393385,16852,1,5,B,5/19/17,3,16672,16823
562.5953667,-10.94522069,9.331001971,16861,1,5,B,5/19/17,3,16672,16823
562.5953667,-8.411704724,9.256486796,16861,1,5,B,5/19/17,3,16672,16823
562.6287333,-3.19564245,0.314665754,16862,1,5,B,5/19/17,3,16672,16823
562.6287333,-5.729158412,11.044851,16862,1,5,B,5/19/17,3,16672,16823
623.5896333,-22.86764874,16.26091328,18689,3,7,B,5/19/17,3,18622,18832
623.9233,-27.71113514,0.240150579,18699,1,7,B,5/19/17,3,18622,18832
624.2569667,-16.01225261,11.41742688,18709,1,7,B,5/19/17,3,18622,18832
625.1245,-30.02110557,11.79000276,18735,2,7,B,5/19/17,3,18622,18832
625.8919333,-11.16876621,13.80191249,18758,3,7,B,5/19/17,3,18622,18832
627.4935333,-14.00034288,10.52324478,18806,2,7,B,5/19/17,3,18622,18832
628.3610667,-12.73358489,2.62463619,18832,1,7,B,5/19/17,3,18622,18832
628.7948333,-8.560735075,7.840698464,18845,1,7,B,5/19/17,3,18622,18832
628.8949333,-9.827493056,3.816878996,18848,1,7,B,5/19/17,3,18622,18832
628.9283,-9.752977881,5.605243204,18849,1,7,B,5/19/17,3,18622,18832
629.0951333,-8.933310952,11.79000276,18854,1,7,B,5/19/17,3,18622,18832
629.9293,-4.984006658,0.910787157,18879,1,7,B,5/19/17,3,18622,18832
691.8244667,-20.78122383,14.77060977,20734,4,10,B,5/19/17,3,20631,20931
692.4918,-26.22083163,32.43070633,20754,5,10,B,5/19/17,3,20631,20931
693.1591333,-18.54576857,8.06424399,20774,1,10,B,5/19/17,3,20631,20931
695.3613333,-8.188159198,7.170061886,20840,1,10,B,5/19/17,3,20631,20931
700.0326667,-14.59646428,3.071727242,20980,1,10,B,5/19/17,3,20631,20931
700.0660333,-8.709765426,2.997212067,20981,1,10,B,5/19/17,3,20631,20931
704.8374667,-16.23579814,10.37421443,21124,1,10,B,5/19/17,3,20631,20931
751.8511,-10.57264481,32.05813045,22533,3,10,B,5/19/17,3,20631,20931
761.3606,-22.19701216,14.47254907,22818,3,5,B,5/19/17,3,22730,22881
763.4627,-10.79619034,3.295272768,22881,3,5,B,5/19/17,3,22730,22881
763.6629,-18.91834445,1.432393385,22887,3,5,B,5/19/17,3,22730,22881
763.9632,-8.188159198,5.82878873,22896,1,5,B,5/19/17,3,22730,22881
763.9965667,-11.69037244,2.550121015,22897,2,5,B,5/19/17,3,22730,22881
764.0299333,-10.79619034,7.691668114,22898,1,5,B,5/19/17,3,22730,22881
764.0633,-17.80061682,5.009121801,22899,1,5,B,5/19/17,3,22730,22881
764.0966667,-6.474310165,6.499425308,22900,1,5,B,5/19/17,3,22730,22881
764.1300333,-10.57264481,9.927123374,22901,1,5,B,5/19/17,3,22730,22881
764.1634,-16.53385884,9.03294127,22902,1,5,B,5/19/17,3,22730,22881
764.1967667,-14.8200098,5.381697678,22903,1,5,B,5/19/17,3,22730,22881
764.3636,-3.940794204,8.585850218,22908,1,5,B,5/19/17,3,22730,22881
764.3969667,-11.76488761,12.83321521,22909,2,5,B,5/19/17,3,22730,22881
764.4303333,-9.752977881,9.629062673,22910,1,5,B,5/19/17,3,22730,22881
764.4637,-6.474310165,2.550121015,22911,1,5,B,5/19/17,3,22730,22881
764.764,-18.02416234,7.989728815,22920,1,5,B,5/19/17,3,22730,22881
765.2311333,-20.70670866,10.07615372,22934,1,5,B,5/19/17,3,22730,22881
765.6982667,-6.474310165,6.722970834,22948,1,5,B,5/19/17,3,22730,22881
766.0319333,-17.72610164,9.927123374,22958,3,5,B,5/19/17,3,22730,22881
826.1253,-20.93025418,13.50385179,24759,1,6,B,5/19/17,3,24680,24860
827.2597667,-16.60837401,10.1506689,24793,1,6,B,5/19/17,3,24680,24860
827.5934333,-17.42804094,16.85703468,24803,1,6,B,5/19/17,3,24680,24860
828.1940333,-18.91834445,6.350394957,24821,1,6,B,5/19/17,3,24680,24860
829.4953333,-12.36100902,1.50690856,24860,1,6,B,5/19/17,3,24680,24860
829.8623667,-13.10616077,6.797486009,24871,2,6,B,5/19/17,3,24680,24860
829.8957333,-13.70228217,5.530728029,24872,2,6,B,5/19/17,3,24680,24860
829.9291,-12.58455454,6.94651636,24873,1,6,B,5/19/17,3,24680,24860
830.0625667,-3.642733502,1.432393385,24877,1,6,B,5/19/17,3,24680,24860
830.0959333,-4.462400431,9.629062673,24878,1,6,B,5/19/17,3,24680,24860
830.0959333,-10.20006893,3.220757593,24878,1,6,B,5/19/17,3,24680,24860
830.1293,-15.71419191,4.636545924,24879,1,6,B,5/19/17,3,24680,24860
830.2627667,-6.101734289,4.189454872,24883,1,6,B,5/19/17,3,24680,24860
830.2961333,-16.31031331,3.369787944,24884,1,6,B,5/19/17,3,24680,24860
830.3295,-11.24328139,3.965909346,24885,1,6,B,5/19/17,3,24680,24860
830.8967333,-3.270157626,4.785576275,24902,1,6,B,5/19/17,3,24680,24860
832.0312,-11.16876621,3.816878996,24936,1,6,B,5/19/17,3,24680,24860
833.2657667,-12.95713042,2.177545138,24973,1,6,B,5/19/17,3,24680,24860
891.5573333,-25.103104,9.778093023,26720,1,1,B,5/19/17,3,26660,26690
892.4248667,-18.91834445,14.6960946,26746,3,1,B,5/19/17,3,26660,26690
892.8252667,-12.80810007,16.93154986,26758,1,1,B,5/19/17,3,26660,26690
907.4398667,-17.05546506,1.953999612,27196,2,1,B,5/19/17,3,26660,26690
953.2856667,-19.88704173,17.82573196,28570,3,8,B,5/19/17,3,28489,28729
954.8539,-21.52637559,11.56645723,28617,3,8,B,5/19/17,3,28489,28729
955.4545,-14.67097945,12.08806346,28635,3,8,B,5/19/17,3,28489,28729
955.8549,-19.73801138,9.852608199,28647,4,8,B,5/19/17,3,28489,28729
959.2249333,-10.49812963,7.617152938,28748,1,8,B,5/19/17,3,28489,28729
959.4251333,-20.70670866,9.852608199,28754,1,8,B,5/19/17,3,28489,28729
959.4585,-11.54134209,6.126849431,28755,1,8,B,5/19/17,3,28489,28729
959.4918667,-19.0673748,14.17448837,28756,1,8,B,5/19/17,3,28489,28729
959.7588,-4.238854905,5.232667327,28764,1,8,B,5/19/17,3,28489,28729
959.7921667,-14.5219491,2.252060313,28765,1,8,B,5/19/17,3,28489,28729
960.0591,-18.02416234,25.64982537,28773,4,8,B,5/19/17,3,28489,28729
960.96,-24.13440672,4.562030749,28800,3,8,B,5/19/17,3,28489,28729
961.3270333,-6.623340516,4.636545924,28811,1,8,B,5/19/17,3,28489,28729
961.5939667,-11.31779656,2.773666541,28819,1,8,B,5/19/17,3,28489,28729
964.0631,-15.04355533,16.4844588,28893,2,8,B,5/19/17,3,28489,28729
1020.5195,-19.3654355,11.41742688,30585,1,8,B,5/19/17,3,30528,30769
1021.1201,-22.64410322,31.08943317,30603,4,8,B,5/19/17,3,30528,30769
1021.153467,-0.364065787,28.25785651,30604,4,8,B,5/19/17,3,30528,30769
1021.186833,-19.43995068,21.3279452,30605,5,8,B,5/19/17,3,30528,30769
1021.453767,-21.60089076,15.81382223,30613,4,8,B,5/19/17,3,30528,30769
1022.054367,-20.40864795,6.722970834,30631,1,8,B,5/19/17,3,30528,30769
1022.388033,-22.56958804,5.158152152,30641,6,8,B,5/19/17,3,30528,30769
1022.888533,-22.71861839,7.095546711,30656,2,8,B,5/19/17,3,30528,30769
1023.689333,-24.5069826,5.381697678,30680,1,8,B,5/19/17,3,30528,30769
1027.259567,-13.0316456,6.722970834,30787,1,8,B,5/19/17,3,30528,30769
1027.292933,-9.827493056,1.50690856,30788,1,8,B,5/19/17,3,30528,30769
1027.3263,-8.858795776,6.275879782,30789,1,8,B,5/19/17,3,30528,30769
1027.459767,-15.71419191,13.42933662,30793,1,8,B,5/19/17,3,30528,30769
1028.093733,-16.38482849,9.331001971,30812,1,8,B,5/19/17,3,30528,30769
1028.1271,-17.72610164,4.487515574,30813,1,8,B,5/19/17,3,30528,30769
1029.995633,-13.9258277,0.910787157,30869,1,8,B,5/19/17,3,30528,30769
1030.362667,-10.05103858,1.432393385,30880,1,8,B,5/19/17,3,30528,30769
1030.696333,-2.972096924,21.25343003,30890,2,8,B,5/19/17,3,30528,30769
1031.03,-13.627767,17.60218643,30900,2,8,B,5/19/17,3,30528,30769
1044.5435,-15.63967673,12.38612416,31305,2,8,B,5/19/17,3,30528,30769
1045.8448,-1.407278242,23.86146116,31344,3,8,B,5/19/17,3,30528,30769
1059.992267,-6.027219113,23.86146116,31768,2,8,B,5/19/17,3,30528,30769